analysis_config,analysis_code,raw_model_type,raw_csv_code,region,pixels,images,abs,acc2,acc4,acc8,stage1_in_range,stage2_in_range,stage3_in_range,stage1_range_width,stage2_range_width,stage3_range_width,abs_reduction_pct,acc2_delta_pp,stage1_in_range_delta_pp,acc4_delta_pp,stage3_in_range_delta_pp,acc8_delta_pp,stage2_in_range_delta_pp
Base,000,range,010,full,16254332,1078,7.281193622884615,0.8030372457016381,0.8785052501696163,0.9132316849440506,0.9652416352760606,0.9571402257564322,0.940331475941306,188.0,62.79631129841166,16.129645327962095,0.0,0.0,0.0,0.0,0.0,0.0,0.0
Base,000,range,010,boundary,1625922,1078,25.381796596236175,0.40153402192725113,0.5396667244800181,0.6515134182328549,0.9247048751416119,0.889418434586653,0.8045127626048482,188.0,63.18482615733251,17.963626321976104,0.0,0.0,0.0,0.0,0.0,0.0,0.0
Base,000,range,010,large_disparity,3251305,1078,21.468688489640066,0.6178697476859292,0.7125738741828281,0.7643263243528368,0.8448499910036124,0.8338694770253791,0.8038519917387018,188.0,58.407578400150086,15.709500001300889,0.0,0.0,0.0,0.0,0.0,0.0,0.0
Base,000,range,010,occluded_any,1772099,1078,35.935587762716146,0.38606815984885723,0.5013602513177875,0.5967177905974779,0.8648393797411995,0.8108892336150519,0.722687615082453,188.0,61.362977290072656,17.26480111288105,0.0,0.0,0.0,0.0,0.0,0.0,0.0
Base,000,range,010,occluded_majority,853218,1078,49.134050052781355,0.3011621883270161,0.4009854456891439,0.4946848284963515,0.8612171801345025,0.772000825111519,0.6481813557613646,188.0,62.314683920278476,18.10574510921841,0.0,0.0,0.0,0.0,0.0,0.0,0.0
Base,000,range,010,large_disp_and_occluded,713209,1072,58.32614566583242,0.28901766522856553,0.3818880580587177,0.4577283797596497,0.7088637412034902,0.654426682781625,0.5658032918821833,188.0,57.49462108373752,16.763421750263188,0.0,0.0,0.0,0.0,0.0,0.0,0.0
Base,000,range,010,boundary_and_occluded,764624,1078,38.74249329095266,0.29114963694574064,0.4073518487518048,0.5203629496327606,0.899891973048191,0.8410604427797191,0.7164200966749671,188.0,63.28445934893614,18.91602842763218,0.0,0.0,0.0,0.0,0.0,0.0,0.0
Base+A,100,oa_range,110,full,16254332,1078,6.920048262236731,0.8041293238011873,0.8792115234264933,0.9143485564340632,0.9652416352760606,0.9579454264869205,0.9425187697655001,188.0,62.82247219971012,16.127073355175646,4.95997468756788,0.1092078099549143,0.0,0.07062732568769992,0.21872938241941364,0.11168714900126053,0.08052007304882869
Base+A,100,oa_range,110,boundary,1625922,1078,24.219193540926835,0.4126753927925202,0.5499482755015308,0.6607143516109629,0.9247048751416119,0.8908034948785981,0.8164899669233825,188.0,63.482306313405815,17.9419483113967,4.580460058850761,1.1141370865269062,0.0,1.0281551021512736,1.197720431853433,0.9200933378108012,0.13850602919450727
Base+A,100,oa_range,110,large_disparity,3251305,1078,20.921211294096235,0.6142828802588499,0.7113211464319712,0.7657214564613286,0.8448499910036124,0.834635323354776,0.8077535020553286,188.0,58.5151352410308,15.671807914877004,2.5501194253576385,-0.35868674270792544,0.0,-0.12527277508569412,0.3901510316626777,0.13951321084918478,0.07658463293969131
Base+A,100,oa_range,110,occluded_any,1772099,1078,34.7558633253508,0.3844638476744245,0.5005397553974129,0.598002143221118,0.8648393797411995,0.8121532713465782,0.7327649301760228,188.0,61.64909846400675,17.318255729787403,3.2828861605245,-0.16043121744327427,0.0,-0.08204959203745865,1.0077315093569794,0.12843526236401281,0.12640377315262796
Base+A,100,oa_range,110,occluded_majority,853218,1078,47.19854796541476,0.30085277150739903,0.4017449233372948,0.49723517319137667,0.8612171801345025,0.7732291161227259,0.6630275029359437,188.0,62.70113905040137,18.18597516735367,3.9392276543199998,-0.03094168196170477,0.0,0.07594776481508747,1.4846147174579105,0.2550344695025186,0.12282910112069167
Base+A,100,oa_range,110,large_disp_and_occluded,713209,1072,56.95032776112176,0.2854254503238181,0.3792941479986932,0.45816583918598897,0.7088637412034902,0.6543734024668786,0.5770482425207758,188.0,57.846823198857706,16.777120679354386,2.358835628524336,-0.3592214904747426,0.0,-0.2593910060024518,1.1244950638592544,0.04374594263392706,-0.0053280314746384505
Base+A,100,oa_range,110,boundary_and_occluded,764624,1078,37.10216241978266,0.29609847454435123,0.4123700014647722,0.5269740421435896,0.899891973048191,0.8414697943041286,0.7328987842390509,188.0,63.65158605541637,18.90711433218858,4.233932129383781,0.4948837598610589,0.0,0.5018152712967405,1.6478687564083772,0.661109251082892,0.040935152440946254
Base+B,010,vis,000,full,16254332,1078,5.595951571945315,0.818590022647501,0.896182876048059,0.9321209262859895,0.9652416352760606,0.971809484388531,0.9544955769329678,188.0,62.0,14.9999964083354,23.145134413712412,1.5552776945862878,0.0,1.7677625878442682,1.4164100991661877,1.8889241341938923,1.466925863209878
Base+B,010,vis,000,boundary,1625922,1078,21.632999027859228,0.4132461458790766,0.55713435207839,0.6742998741637053,0.9247048751416119,0.8977810743688812,0.7880193514818054,188.0,62.0,14.999995992695272,14.7696304875946,1.171212395182547,0.0,1.7467627598371949,-1.6493411123042812,2.278645593085038,0.8362639782228176
Base+B,010,vis,000,large_disparity,3251305,1078,14.729977867706939,0.6726126893662698,0.7801202901604125,0.8393669618814599,0.8448499910036124,0.8984143290155799,0.8745654437218287,188.0,62.0,14.999996247052854,31.388552799510602,5.474294168034066,0.0,6.754641597758438,7.0713451983126845,7.5040637528623115,6.4544851990200875
Base+B,010,vis,000,occluded_any,1772099,1078,30.009534973712455,0.4149852801677559,0.5440074171928317,0.6514156376139256,0.8648393797411995,0.8517571535224612,0.7511047633343284,188.0,62.0,14.999996141665424,16.490763496435928,2.891712031889865,0.0,4.264716587504425,2.8417148251875357,5.469784701644775,4.086791990740924
Base+B,010,vis,000,occluded_majority,853218,1078,43.632645958802996,0.32617924141309723,0.43859716977372726,0.5446544728310936,0.8612171801345025,0.8065172089665243,0.6625235285706583,188.0,62.0,14.999996120902015,11.196724243306985,2.5017053086081154,0.0,3.7611724084583353,1.434217280929373,4.9969644334742105,3.451638385500533
Base+B,010,vis,000,large_disp_and_occluded,713209,1072,46.68843843607159,0.3395820860364914,0.45792607776962996,0.554200802289371,0.7088637412034902,0.7388114844316322,0.6440818890395382,188.0,62.0,14.999996342776019,19.952813780009848,5.056442080792589,0.0,7.603801971091223,7.827859715735497,9.647242252972127,8.438480165000728
Base+B,010,vis,000,boundary_and_occluded,764624,1078,34.24853854626043,0.3020491117202704,0.4235898951641591,0.5446925547720186,0.899891973048191,0.8505919249199606,0.6886286593149051,188.0,62.0,14.999996052034486,11.599549649381194,1.0899474774529738,0.0,1.6238046412354323,-2.7791437360061955,2.432960513925797,0.9531482140241465
Base+C,001,range_hyp,011,full,16254332,1078,7.049476661846101,0.8030422289885552,0.878688770476695,0.9143960514649264,0.9652416352760606,0.957602256432316,0.941323334603969,188.0,62.73460997635123,16.100163368714473,3.18240350469782,0.0004983286917004115,0.0,0.01835203070786884,0.09918586626630477,0.11643665208758147,0.046203067588379554
Base+C,001,range_hyp,011,boundary,1625922,1078,24.938106964909178,0.40905529293533144,0.546798677919359,0.6581970106807091,0.9247048751416119,0.8903133114626655,0.8077810620681681,188.0,63.22266345214906,17.802663467316044,1.7480623550217518,0.752127100808031,0.0,0.7131953439340921,0.3268299463319968,0.6683592447854214,0.08948768760124182
Base+C,001,range_hyp,011,large_disparity,3251305,1078,21.326001572843477,0.6136846589292607,0.7097322459750777,0.764552079857165,0.8448499910036124,0.8336695573008377,0.8046873486184778,188.0,58.28535069298079,15.625898714323132,0.6646280086715279,-0.41850887566684536,0.0,-0.28416282077504684,0.08353568797759836,0.022575550432824,-0.01999197245413642
Base+C,001,range_hyp,011,occluded_any,1772099,1078,35.06997131828627,0.388009360650844,0.503916541908776,0.6006413862882378,0.8648393797411995,0.8128112481300424,0.7268064594585292,188.0,61.21073193562996,17.138560345730312,2.4088000178140088,0.19412008019867866,0.0,0.2556290590988497,0.4118844376076125,0.3923595690759951,0.1922014514990411
Base+C,001,range_hyp,011,occluded_majority,853218,1078,47.30521547880338,0.30444388186840876,0.4054016675691324,0.5020018330602496,0.8612171801345025,0.7756669456106177,0.6555487577617912,188.0,62.07819127377145,17.91719845679328,3.722132761320061,0.3281693541392683,0.0,0.4416221879988469,0.7367402000426626,0.7317004563898111,0.3666120499098646
Base+C,001,range_hyp,011,large_disp_and_occluded,713209,1072,57.218098551156565,0.2882941746388506,0.38223718433166154,0.4604793265368216,0.7088637412034902,0.6551880304370808,0.5701414311933809,188.0,57.20229407120824,16.593790512047093,1.8997434204279193,-0.07234905897149368,0.0,0.03491262729438116,0.4338139311197642,0.2750946777171914,0.07613476554558796
Base+C,001,range_hyp,011,boundary_and_occluded,764624,1078,38.136857067386025,0.29337425976689196,0.4090912657724581,0.5227798238088263,0.899891973048191,0.8420857833392622,0.7195353533239867,188.0,63.29294331254512,18.75129956443166,1.5632350221199247,0.2224622821151323,0.0,0.17394170206532777,0.3115256649019571,0.24168741760656198,0.10253405595430642
Base+A+B,110,oa,100,full,16254332,1078,5.617841565147166,0.818234486658695,0.8950780013598836,0.9318023650556664,0.9652416352760606,0.9713662794632225,0.9541787998424051,188.0,62.0,14.999996359599555,22.844496986175095,1.519724095705688,0.0,1.6572751190267243,1.3847323901099107,1.8570680111615778,1.422605370679031
Base+A+B,110,oa,100,boundary,1625922,1078,20.85172368665289,0.41901026002477365,0.5634071007096282,0.6820480933279702,0.9247048751416119,0.897819821615059,0.7936598434611254,188.0,62.0,14.999995901676005,17.8477236329876,1.7476238097522523,0.0,2.3740376229610116,-1.0852919143722772,3.0534675095115316,0.8401387028405982
Base+A+B,110,oa,100,large_disparity,3251305,1078,14.582979851875583,0.6670352366203725,0.7773478649342341,0.839713284358127,0.8448499910036124,0.8978662414015295,0.874719535694129,188.0,62.0,14.999996066100229,32.07326167635835,4.916548893444328,0.0,6.4773990751406,7.086754395542716,7.538696000529022,6.399676437615042
Base+A+B,110,oa,100,occluded_any,1772099,1078,29.79530659664107,0.41290131081841364,0.5410730438875029,0.6503349982139824,0.8648393797411995,0.8480621003679817,0.7505184529758213,188.0,62.0,14.999996038065152,17.086908962278713,2.6833150969556407,0.0,3.9712792569715383,2.7830837893368265,5.3617207616504565,3.7172866752929745
Base+A+B,110,oa,100,occluded_majority,853218,1078,43.01015109983541,0.32197515757989165,0.43387504717434466,0.5424826949267362,0.8612171801345025,0.8003757539104894,0.6628235691230143,188.0,62.0,14.999996066625767,12.463655950135307,2.081296925287557,0.0,3.2889601485200757,1.4642213361649725,4.779786643038469,2.837492879897041
Base+A+B,110,oa,100,large_disp_and_occluded,713209,1072,45.317168990503866,0.33758407423349956,0.4557191510482902,0.5561329147557027,0.7088637412034902,0.7379505867144133,0.6473628347370827,188.0,62.0,14.999996093143015,22.303851089116694,4.856640900493403,0.0,7.383109298957247,8.15595428548994,9.840453499605301,8.35239039327883
Base+A+B,110,oa,100,boundary_and_occluded,764624,1078,33.07387249339629,0.30443721358471615,0.4276140952938961,0.551970641779489,0.899891973048191,0.8488302747494193,0.695897591495951,188.0,62.0,14.999995966023146,14.631533275325202,1.3287576638975507,0.0,2.02622465420913,-2.0522505179016104,3.1607692146728317,0.7769831969700158
Base+A+C,101,oa_full,111,full,16254332,1078,7.00054333099435,0.8060608704190366,0.879820530305398,0.9144244746569714,0.9652416352760606,0.9575967194468527,0.9423885890850513,188.0,62.779807759941,16.14233089883551,3.8544544538437804,0.30236247173984765,0.0,0.1315280135781638,0.20571131437453483,0.11927897129208054,0.04564936904204453
Base+A+C,101,oa_full,111,boundary,1625922,1078,24.624395391723944,0.41068698252437696,0.5487329650499839,0.6590838920932246,0.9247048751416119,0.8895598927869849,0.8144591191951397,188.0,63.440695797638035,18.048027915466445,2.984033071262358,0.9152960597125837,0.0,0.9066240569965855,0.9946356590291527,0.7570473860369686,0.014145820033184542
Base+A+C,101,oa_full,111,large_disparity,3251305,1078,21.080781612916788,0.615693390807691,0.7121952569814275,0.7655593677000466,0.8448499910036124,0.8341385997314924,0.807905748614787,188.0,58.46498668700532,15.697555404989528,1.8068494352156932,-0.21763568782381393,0.0,-0.03786172014006439,0.4053756876085224,0.12330433472098612,0.0269122706113345
Base+A+C,101,oa_full,111,occluded_any,1772099,1078,35.260263004632286,0.3886255790449631,0.504114047804327,0.5999038428439946,0.8648393797411995,0.8113649406720504,0.7321492760844626,188.0,61.56269663611782,17.391159603699233,1.8792645400516383,0.2557419196105859,0.0,0.2753796486539506,0.9461661002009514,0.3186052246516691,0.04757070569985089
Base+A+C,101,oa_full,111,occluded_majority,853218,1078,48.00855772543421,0.3056815491468769,0.40548839804129777,0.5003891150913365,0.8612171801345025,0.7726302070514218,0.6616503636819664,188.0,62.56374076150407,18.282762098413087,2.290656532767209,0.4519360819860818,0.0,0.4502952352153866,1.3469007920601794,0.5704286594985064,0.06293819399028067
Base+A+C,101,oa_full,111,large_disp_and_occluded,713209,1072,57.43722902586526,0.2916298027646875,0.38370659932782675,0.4618169428596667,0.7088637412034902,0.6555175271203812,0.57820919253683,188.0,57.80544327900584,16.862583924699468,1.5240448855647477,0.2612137536121939,0.0,0.18185412691090197,1.240590065464675,0.4088563100016984,0.10908443387562805
Base+A+C,101,oa_full,111,boundary_and_occluded,764624,1078,37.617791854712266,0.2951829919019021,0.4109143840632782,0.5251522316851158,0.899891973048191,0.8411546067086568,0.7308768754315846,188.0,63.665216465958615,19.061104592296093,2.903017696341807,0.40333549561614723,0.0,0.35625353114733804,1.445677875661755,0.47892820523551816,0.0094163928937685
Base+B+C,011,hyp,001,full,16254332,1078,5.4927703824684055,0.8146934614107796,0.8950816311614651,0.9321572858238653,0.9652416352760606,0.9722896640723224,0.9551429735777515,188.0,62.0,14.999996406294143,24.562226099787246,1.1656215709141438,0.0,1.6576380991848771,1.4811497636445514,1.8925600879814652,1.5149438315890218
Base+B+C,011,hyp,001,boundary,1625922,1078,20.995934399509352,0.4108751834343837,0.5569873585571755,0.67626983336224,0.9247048751416119,0.8994392104910321,0.7905360773764055,188.0,62.0,14.999995905674474,17.279557733817768,0.9341161507132545,0.0,1.7320634077157449,-1.3976685228442642,2.475641512938509,1.002077590437911
Base+B+C,011,hyp,001,large_disparity,3251305,1078,14.285829860288777,0.6635231084133909,0.7788281936022613,0.8409918478887708,0.8448499910036124,0.8997657863534796,0.8764053203252232,188.0,62.0,14.999996105001856,33.45737040628938,4.565336072746174,0.0,6.625431941943316,7.2553328586521415,7.666552353593403,6.589630932810053
Base+B+C,011,hyp,001,occluded_any,1772099,1078,29.11437423232417,0.41423080764675113,0.543943086701138,0.6526734680173061,0.8648393797411995,0.8539731696705433,0.7543489387443929,188.0,62.0,14.999996069988317,18.981778106518448,2.8162647797893903,0.0,4.25828353833505,3.1661323661939855,5.595567741982821,4.308393605549132
Base+B+C,011,hyp,001,occluded_majority,853218,1078,42.488896869307496,0.32509393847762236,0.4395840219029603,0.5477896621965312,0.8612171801345025,0.808473332723876,0.6684387811790188,188.0,62.0,14.999996026192708,13.524537823231395,2.3931750150606277,0.0,3.8598576213816402,2.0257425417654185,5.310483370017977,3.6472507612356986
Base+B+C,011,hyp,001,large_disp_and_occluded,713209,1072,44.35972896990217,0.33603333665166873,0.45895522911236397,0.5617147287821662,0.7088637412034902,0.744592398581622,0.6528450987017831,188.0,62.0,14.999996076601013,23.945379103134886,4.70156714231032,0.0,7.706717105364625,8.704180681959983,10.398634902251652,9.016571579999699
Base+B+C,011,hyp,001,boundary_and_occluded,764624,1078,33.29988118052575,0.300188066291406,0.4235401975349976,0.546494747745297,0.899891973048191,0.8520344639979912,0.6929602000460356,188.0,62.0,14.999995940030537,14.048172040847701,0.9038429345665344,0.0,1.6188348783192807,-2.3459896628931443,2.613179811253641,1.0974021218272068
Base+A+B+C,111,oa_hyp,101,full,16254332,1078,5.574956799169689,0.8185206257630273,0.8949327477745626,0.9311956960150685,0.9652416352760606,0.9718752514714232,0.9546247117383846,188.0,62.0,14.999996383505113,23.43347687324596,1.5483380061389163,0.0,1.6427497604946217,1.429323579707864,1.796401107101786,1.4735025714990968
Base+A+B+C,111,oa_hyp,101,boundary,1625922,1078,20.834277173898236,0.42089964955268455,0.5637755070661447,0.6814570440648444,0.9247048751416119,0.8993549506064866,0.7978008785169276,188.0,62.0,14.999995929246493,17.916459952296215,1.9365627625433424,0.0,2.4108782586126587,-0.6711884087920561,2.9943625831989507,0.9936516019833586
Base+A+B+C,111,oa_hyp,101,large_disparity,3251305,1078,14.741262599660367,0.6576802237870639,0.7711171360422968,0.8350446974368754,0.8448499910036124,0.8988000202995413,0.8744045852357746,188.0,62.0,14.999996152535317,31.335989123071432,3.981047610113475,0.0,5.854326185946867,7.055259349707277,7.071837308403861,6.493054327416226
Base+A+B+C,111,oa_hyp,101,occluded_any,1772099,1078,30.124642232236162,0.4118426792182604,0.5384191289538565,0.6446485213297902,0.8648393797411995,0.8497877375925386,0.7511064562420046,188.0,62.0,14.999996079484164,16.170447993921364,2.5774519369403173,0.0,3.7058877636068965,2.841884115955151,4.793073073231236,3.889850397748662
Base+A+B+C,111,oa_hyp,101,occluded_majority,853218,1078,43.10920114221971,0.3191048477645807,0.4298526285193233,0.5371686954564953,0.8612171801345025,0.8035648568126786,0.6648945521543146,188.0,62.0,14.999996091128823,12.262064503311981,1.7942659437564623,0.0,2.8867182830179416,1.6713196392949992,4.248386696014378,3.1564031701159623
Base+A+B+C,111,oa_hyp,101,large_disp_and_occluded,713209,1072,46.22593688386121,0.329394329011552,0.44669795249358885,0.5466518229579268,0.7088637412034902,0.7388675689734706,0.6483555311276218,188.0,62.0,14.99999617362532,20.745771289769177,4.037666378298649,0.0,6.480989443487112,8.255223924543852,8.89234431982771,8.444088619184564
Base+A+B+C,111,oa_hyp,101,boundary_and_occluded,764624,1078,33.32607471794573,0.3046752390717529,0.4256248822950888,0.5478300445709263,0.899891973048191,0.8509999686120236,0.6990677771035175,188.0,62.0,14.999996014433759,13.980562717866684,1.3525602126012282,0.0,1.8273033543284023,-1.735231957144956,2.746709493816568,0.9939525832304508
