analysis_config,sample,scope,region,pixels,abs,acc2,acc4,acc8,stage1_in_range,stage2_in_range,stage3_in_range,stage1_range_width,stage2_range_width,stage3_range_width,improved_pixels_pct,worsened_pixels_pct,unchanged_pixels_pct,abs_reduction_pct,stage2_in_range_delta_pp,acc8_delta_pp,stage1_in_range_delta_pp,acc4_delta_pp,acc2_delta_pp,stage3_in_range_delta_pp
Base,scan12_view14_light3,full_image,full,19529,21.08406639099121,0.6600952429719904,0.6825746325976753,0.704951610425521,0.706334169696349,0.7076143171693379,0.7023401095806237,188.0,56.31446075439453,14.005456924438477,52.26074043729838,47.739259562701626,0.0,0.0,0.0,0.0,0.0,0.0,0.0,0.0
Base,scan12_view14_light3,full_image,boundary,1953,79.38472747802734,0.10957501280081926,0.14336917562724014,0.17972350230414746,0.2867383512544803,0.2672811059907834,0.22427035330261136,188.0,46.96062088012695,12.335518836975098,77.8289810547875,22.17101894521249,0.0,0.0,0.0,0.0,0.0,0.0,0.0,0.0
Base,scan12_view14_light3,full_image,large_disparity,3906,82.5206527709961,0.0010240655401945725,0.002560163850486431,0.006144393241167435,0.002560163850486431,0.0028161802355350742,0.0015360983102918587,188.0,36.33150863647461,8.337800979614258,98.46390168970814,1.5360983102918586,0.0,0.0,0.0,0.0,0.0,0.0,0.0,0.0
Base,scan12_view14_light3,full_image,occluded_any,3504,38.11916732788086,0.09389269406392695,0.14098173515981735,0.21432648401826485,0.1558219178082192,0.16723744292237444,0.15154109589041095,188.0,43.22560501098633,10.513296127319336,73.8013698630137,26.1986301369863,0.0,0.0,0.0,0.0,0.0,0.0,0.0,0.0
Base,scan12_view14_light3,full_image,occluded_majority,2735,35.95333480834961,0.08994515539305302,0.14478976234003657,0.23254113345521024,0.14917733089579524,0.16380255941499086,0.14844606946983546,188.0,43.78828430175781,10.578269004821777,69.68921389396709,30.310786106032907,0.0,0.0,0.0,0.0,0.0,0.0,0.0,0.0
Base,scan12_view14_light3,full_image,large_disp_and_occluded,1129,52.29896545410156,0.00354295837023915,0.008857395925597875,0.021257750221434897,0.008857395925597875,0.00974313551815766,0.005314437555358724,188.0,39.5631217956543,9.16702651977539,94.68556244464128,5.314437555358724,0.0,0.0,0.0,0.0,0.0,0.0,0.0,0.0
Base,scan12_view14_light3,full_image,boundary_and_occluded,678,47.47922897338867,0.17256637168141592,0.22713864306784662,0.29056047197640117,0.42920353982300885,0.39085545722713866,0.32448377581120946,188.0,55.09696578979492,14.926715850830078,61.6519174041298,38.34808259587021,0.0,0.0,0.0,0.0,0.0,0.0,0.0,0.0
Base,scan12_view14_light3,full_image,occluded_ge2,2205,32.3521614074707,0.07981859410430839,0.13197278911564625,0.22403628117913832,0.13696145124716552,0.1414965986394558,0.1287981859410431,188.0,42.42112731933594,10.195630073547363,71.20181405895691,28.798185941043087,0.0,0.0,0.0,0.0,0.0,0.0,0.0,0.0
Base,scan12_view14_light3,full_image,large_disp_and_occluded_ge2,313,38.46418380737305,0.0,0.0,0.0,0.0,0.0,0.0,188.0,35.16114044189453,8.092445373535156,100.0,0.0,0.0,0.0,0.0,0.0,0.0,0.0,0.0,0.0
Base+A+B+C,scan12_view14_light3,full_image,full,19529,7.607433319091797,0.6786317783808695,0.7206718213938246,0.8043422602283783,0.706334169696349,0.8656357212350863,0.8966152900814174,188.0,62.0,14.99999713897705,52.26074043729838,47.739259562701626,0.0,63.91856685510013,15.80214040657484,9.939064980285728,0.0,3.8097188796149317,1.8536535408879118,19.427518050079374
Base+A+B+C,scan12_view14_light3,full_image,boundary,1953,33.35785675048828,0.11367127496159754,0.16026625704045058,0.27547363031234,0.2867383512544803,0.4091141833077317,0.3538146441372248,188.0,62.0,14.999996185302734,77.8289810547875,22.17101894521249,0.0,57.97950335003505,14.183307731694828,9.575012800819255,0.0,1.6897081413210446,0.4096262160778283,12.954429083461344
Base+A+B+C,scan12_view14_light3,full_image,large_disparity,3906,17.601642608642578,0.07347670250896057,0.1674347158218126,0.43420378904249873,0.002560163850486431,0.3996415770609319,0.6088069636456733,188.0,62.0,14.999996185302734,98.46390168970814,1.5360983102918586,0.0,78.67001530212191,39.682539682539684,42.80593958013313,0.0,16.48745519713262,7.2452636968765995,60.72708653353814
Base+A+B+C,scan12_view14_light3,full_image,occluded_any,3504,23.1318359375,0.11786529680365297,0.20034246575342465,0.4480593607305936,0.1558219178082192,0.9172374429223744,0.8761415525114156,188.0,62.0,14.999995231628418,73.8013698630137,26.1986301369863,0.0,39.31704819643038,75.0,23.373287671232877,0.0,5.93607305936073,2.3972602739726026,72.46004566210046
Base+A+B+C,scan12_view14_light3,full_image,occluded_majority,2735,25.92829704284668,0.11444241316270566,0.1882998171846435,0.46398537477148083,0.14917733089579524,0.9045703839122486,0.8548446069469835,188.0,62.0,14.99999713897705,69.68921389396709,30.310786106032907,0.0,27.88347122441273,74.07678244972577,23.14442413162706,0.0,4.351005484460694,2.449725776965264,70.6398537477148
Base+A+B+C,scan12_view14_light3,full_image,large_disp_and_occluded,1129,17.961307525634766,0.08060230292294066,0.1824623560673162,0.54207263064659,0.008857395925597875,0.9362267493356953,0.9309123117803366,188.0,62.0,14.999996185302734,94.68556244464128,5.314437555358724,0.0,65.65647643374915,92.64836138175376,52.0814880425155,0.0,17.360496014171833,7.705934455270151,92.55978742249779
Base+A+B+C,scan12_view14_light3,full_image,boundary_and_occluded,678,36.6996955871582,0.168141592920354,0.23303834808259588,0.4528023598820059,0.42920353982300885,0.8156342182890856,0.6740412979351033,188.0,62.0,14.999995231628418,61.6519174041298,38.34808259587021,0.0,22.70368247191255,42.47787610619469,16.224188790560472,0.0,0.5899705014749262,-0.4424778761061926,34.95575221238938
Base+A+B+C,scan12_view14_light3,full_image,occluded_ge2,2205,22.974172592163086,0.11292517006802721,0.18956916099773244,0.4580498866213152,0.13696145124716552,0.9238095238095239,0.8702947845804989,188.0,62.0,14.999996185302734,71.20181405895691,28.798185941043087,0.0,28.98720953197912,78.2312925170068,23.401360544217688,0.0,5.759637188208619,3.3106575963718825,74.14965986394559
Base+A+B+C,scan12_view14_light3,full_image,large_disp_and_occluded_ge2,313,5.832308769226074,0.1597444089456869,0.26517571884984026,0.7763578274760383,0.0,1.0,1.0,188.0,62.0,14.99999713897705,100.0,0.0,0.0,84.83704009310578,100.0,77.63578274760383,0.0,26.517571884984026,15.974440894568689,100.0
