scan,region,Base,Base+A,Base+B,Base+C,Base+A+B,Base+A+C,Base+B+C,Base+A+B+C,ours_reduction_pct
scan1,full,0.8951287492644999,0.8305978267873381,0.848795100464077,0.8820147279546152,0.7925565660824057,0.8600327655388454,0.864444371947471,0.7835993716010761,12.459590618116573
scan1,boundary,4.635754076636468,4.318729505966506,4.009918110897727,4.5148189153637235,3.8682070105081783,4.461369734493478,4.313841754331559,3.998734165781002,13.741451775148182
scan1,large_disparity,1.9684185969299348,1.8032582149523046,1.779956542055988,1.879851155210666,1.60430352412445,1.8320151450267075,1.8026459465640385,1.6446899575874576,16.44612786362535
scan1,occluded_any,7.251822185365621,6.64839937429632,6.016161875113413,6.795177017486668,5.6792135193011815,6.810955487597255,6.5174069530445795,6.018254463006288,17.010451867514167
scan1,occluded_majority,9.521889565743422,8.711290346526072,7.683266307932946,8.435444280898013,7.185508354784418,8.794504537683627,8.716861722677832,7.832051425099524,17.74687816925929
scan1,large_disp_and_occluded,8.637205477967765,7.940284667946557,7.1231912637795345,7.666957980700837,6.641390560008087,7.98017939359576,7.677721870945862,7.089175194328489,17.922814127648948
scan1,boundary_and_occluded,8.186630973800597,7.622927283020449,6.811151353788124,7.844354455349376,6.488224824625298,7.764682917612785,7.504834514178256,6.985692536928488,14.669507404394217
scan4,full,8.672176893719842,8.44344781443914,7.849874001381856,8.229886597876646,7.955567383361227,8.060398805466146,7.071150179745296,8.604477875484015,0.7806461868282711
scan4,boundary,36.41641642395611,35.43889026754807,35.34327722775127,34.73345543039757,34.24220441958356,34.058109500180784,32.38116645362314,36.384009303967034,0.088990414684942
scan4,large_disparity,30.087032935959,29.248923919134416,26.170758476229956,27.59035174869297,26.652044416675853,26.361911650888555,22.00539814300608,29.976298190245483,0.36804807555873004
scan4,occluded_any,26.277067263396496,25.83439028327755,26.37015722920002,24.83402808182528,24.951259146080975,24.07676374619886,22.440086769080146,29.956587182970203,-14.002780000868723
scan4,occluded_majority,32.90773029469094,32.7828515973239,32.89253185492989,30.699838584747653,32.31750533933709,30.47742424873815,28.08136284874261,39.93409644784082,-21.35171915604114
scan4,large_disp_and_occluded,47.31612283727137,47.00084281859673,48.63886654817401,43.988401288237775,44.89042326500379,41.871125999501714,38.84128392672682,57.08854363149513,-20.653469067685158
scan4,boundary_and_occluded,43.97025517009051,42.50595204623179,43.17917070548592,41.370798753550176,41.274878368168544,40.06807726168658,38.147439628241095,44.54707321899077,-1.3118369376501167
scan9,full,2.290094782609171,2.088289641448009,2.0483847771271115,2.086609773588793,1.997143052327102,2.0626366500968842,1.8867857881948358,1.8992036294862584,17.068776196134518
scan9,boundary,9.850121719403319,8.98338452103193,8.437325047863975,9.020079891162062,8.308905988226403,9.265899392744721,7.824394309546591,7.80780174915882,20.733956680163892
scan9,large_disparity,4.502424748895442,3.83263572706763,3.5026131487328556,3.928888730590671,3.555664196317346,3.8668711990731186,3.295696374550758,3.446297894558824,23.456846326986646
scan9,occluded_any,9.355672586253588,8.238198844262254,7.597711100004253,8.113616882630591,7.650127388692184,8.284827259514207,6.887958863780142,6.927054045005048,25.95878082369985
scan9,occluded_majority,13.713791485077689,11.781954406523647,10.972106444618177,11.61394653696807,10.905439146344984,11.797662176834,9.802026137602523,10.016369791074501,26.96133813924794
scan9,large_disp_and_occluded,13.355410118467702,10.928792635695498,9.846355639300585,11.055211372175235,10.332045169969128,11.66032530157991,8.902590014960943,9.179507985606085,31.267494564522806
scan9,boundary_and_occluded,13.045260528389065,11.638726467614886,10.687500126718104,11.579447120348613,10.593469061643228,11.860048460017676,9.729632846733619,9.820830258895612,24.717254687834373
scan10,full,3.5436202846844287,3.4767480442409813,2.8381116454553044,3.912511789808019,2.4745521320686765,3.739679098211624,2.452650495699031,2.273661979153448,35.83787774948001
scan10,boundary,15.615437185211766,14.516567496161196,12.928755754278413,17.32469825293843,10.828170306475533,16.33856573459195,11.366207164389841,9.971092863968273,36.145925690693026
scan10,large_disparity,12.473006233859177,12.573326960866645,8.295320134573977,14.340812862058849,6.839227982881228,13.217837377037336,6.79725187218374,6.66390175802679,46.57341114817223
scan10,occluded_any,19.015397414214387,17.94085341367432,13.337937941950285,18.738518700777313,12.542025819160902,17.35523120552731,12.59530414409402,11.60777567554758,38.95591334383294
scan10,occluded_majority,20.233326319371645,20.183878416538942,17.393269069594325,20.889083411297563,17.201270971910777,19.275056176422186,16.507959690347626,15.805578758150041,21.883438695803676
scan10,large_disp_and_occluded,27.2255749060234,26.645377059695683,16.30965311735044,28.764756135603587,15.431931738588421,26.273814778197654,14.101365572555297,14.947360872943742,45.098089114596505
scan10,boundary_and_occluded,23.268946260496957,21.575167291474816,19.376946725896342,23.000812035466435,17.684427567102908,20.67569743962207,18.187210290888945,16.626875403360003,28.54478575341855
scan11,full,7.4341283865990775,7.316233715069912,7.893303710171786,7.987249111462135,7.049703098066784,7.465926145336784,6.375817306258834,8.009833498703143,-7.744083531592545
scan11,boundary,23.13233980907928,19.749381798150715,23.16931553704006,20.847153436115963,18.96909737314493,21.0853120751651,16.606762714282645,22.143530085356144,4.27457720180574
scan11,large_disparity,23.604264121607514,20.872811595455865,25.36342678757032,26.184986908216153,21.385181789875077,22.657244330106035,19.293789981190848,24.27873422444685,-2.857407879205697
scan11,occluded_any,25.98292022706767,21.84121024480446,26.24782920678356,24.864486234688076,19.984151773397873,24.2557621019085,19.28260018659368,25.785697812977364,0.7590463749523004
scan11,occluded_majority,31.243824528350483,26.132575613794902,29.846594042758763,29.22455862559874,24.271658022821796,28.875740682097387,22.739988309549872,29.61690279870404,5.207178551941308
scan11,large_disp_and_occluded,43.91008199988001,33.824385340347796,44.52715656973763,41.3963192489134,30.29308087406536,39.77437912221244,30.903055670407966,42.276799383589434,3.7196073017924265
scan11,boundary_and_occluded,28.899204659959985,24.004695452398504,28.583120237759104,25.738351835696722,21.921378377964068,25.722128165556054,20.031137143677057,26.718165983607843,7.5470543290555785
scan12,full,12.773676380024856,12.582733469958304,9.057484317559092,12.492255527622989,8.956234301052781,12.705639743214805,8.334474184393168,8.58242020220283,32.811667159316826
scan12,boundary,58.35873845683441,56.97221954979596,43.97189357409241,55.277592938225226,42.950919923988224,57.61951998662266,40.57324638160099,42.034659821697396,27.971952558932152
scan12,large_disparity,54.46483810269811,53.893374426908686,37.04513067744204,53.426125015386305,36.18990220146572,54.41099999161848,32.932335000324336,34.22227688665724,37.16629282523853
scan12,occluded_any,74.74810738503231,73.43504443446167,58.973997262719365,72.22893793478956,57.012979380197706,74.22281837337367,51.18390468205453,54.916499582114355,26.5312507522954
scan12,occluded_majority,83.069761126522,81.29274964835912,70.88925661209235,78.97479795193995,68.23146731482008,81.73108951111756,62.88755524533661,66.60600278985133,19.81919547306152
scan12,large_disp_and_occluded,101.48056142302877,100.3195741495523,79.77372204173695,98.02517225964715,76.04401641003466,101.22936349503347,68.25890520562027,72.95078588640513,28.113537348000367
scan12,boundary_and_occluded,90.03167380034942,86.89910245694766,75.23779728265673,84.3012510288862,71.47569167681978,88.42555763086122,65.40262374477275,70.50567197030543,21.687924933334084
scan13,full,4.306687417885015,2.115334621809648,4.575174621443946,4.100114078008612,2.2521757188976688,3.4689173716103388,3.3945613051898795,3.2391283715355774,24.788403307749427
scan13,boundary,6.98185109487882,6.86911353905958,7.384693752214138,6.967020410627462,6.371009004198863,6.650155371779268,6.562731384787527,6.840784102579958,2.020481250342543
scan13,large_disparity,3.319419113489342,1.64752185005317,3.7769727204343857,3.076815007491942,1.9556126063829697,2.0537228218080523,2.143429093019009,2.505650383338083,24.515395686079323
scan13,occluded_any,9.741574834305869,7.947529220173529,8.862147615404494,8.947517444880477,9.497751163579032,9.059962429454057,8.598748529553006,8.65056320671674,11.199540589135848
scan13,occluded_majority,11.167389392538684,8.125294740199502,9.812166611669907,12.062167707979274,11.054900144801854,11.294073934172864,10.78187595077825,10.04304479413133,10.068105972543304
scan13,large_disp_and_occluded,9.546905842097882,7.903013660989093,7.959699550134618,9.170989530624984,11.064483974805812,10.73076264028367,10.552898492547978,9.265811370484315,2.944351565447075
scan13,boundary_and_occluded,9.327541386922038,8.308813929912736,9.187075344311465,8.159124089576544,9.308595641968106,8.527299200350255,7.959295878507844,8.872600881921601,4.877389294013746
scan15,full,2.8925221977420748,2.681288261774633,2.39899774079078,2.6957136008418385,2.278716773672549,2.7472405097936132,2.2264733007977293,2.1877490938780064,24.365348152357125
scan15,boundary,13.107583230127283,11.93245854734458,11.095519231856787,11.933559232757874,10.515584119893624,12.202890598740566,10.104601220630732,9.863287261123128,24.75129024202771
scan15,large_disparity,7.506440511871329,6.773602034348144,5.307821102597185,6.880191866417935,4.891126047685113,6.97636872310053,4.61554904295579,4.578059002164739,39.011586184895435
scan15,occluded_any,13.45564743939658,11.687911370914026,10.869509558822037,11.791452927008379,10.035641291869311,11.832052434647576,9.777139651027275,9.65983730009725,28.2097918840058
scan15,occluded_majority,19.618895983084997,16.662156006895522,15.907627087764745,17.084602585240926,14.703769582934774,16.847841988693443,14.267246581356583,14.214479637670655,27.546995254340086
scan15,large_disp_and_occluded,27.007055623439324,23.093238035994755,20.79263942195506,23.666924625940936,18.473770917237292,23.210010496178914,17.74812578705624,17.973355673343416,33.449406984801385
scan15,boundary_and_occluded,18.7208422662198,16.48194590956434,15.272552727205774,16.684439384485117,14.327709404962597,16.577698561811083,13.886034353812557,13.625219123939946,27.21898443359294
scan23,full,2.4187577138734087,2.311418430782134,2.197194172096347,2.2522910158071383,2.2170260770525885,2.286143451980767,2.3485589788137426,2.246774072103382,7.110412125347236
scan23,boundary,8.220299219904478,8.217725996136508,7.712837568413032,7.8884882539920325,7.9487505982850495,7.804344389259281,7.965399249861256,7.976384693035424,2.967221999394419
scan23,large_disparity,2.655247179730258,2.308570828465892,2.416605256297662,2.3321449641273255,2.2767478506313874,2.3560300801018634,2.4992538301824387,2.3359821287221214,12.023929577832
scan23,occluded_any,6.352774588246259,6.036847015640503,5.9654843539669224,5.933200312468262,6.143577748874312,5.961720722052572,6.22370974933484,5.954509617971626,6.269150034246342
scan23,occluded_majority,8.506812110126505,7.920521568789407,8.173641952842367,7.723343176314044,8.361449084708797,7.935051299194312,8.281438632530172,7.861196615889611,7.589394074759849
scan23,large_disp_and_occluded,6.659981272236821,5.096082513502866,6.185316779426665,5.605526056963869,5.733296683648366,6.152647288184538,6.006613579994634,5.491615402316447,17.54308041061452
scan23,boundary_and_occluded,8.915645589707774,8.427578525514809,8.6586259185898,8.544850352763774,8.739936404146547,8.347359278362422,8.497398294944508,8.545548050064518,4.151101969222471
scan24,full,4.404149835882027,4.155920929984367,3.995895671943511,4.522762190262504,3.474255746672082,4.767912676326718,3.3683056656214463,3.6790517865660415,16.463973214725307
scan24,boundary,16.172696023117435,15.536637016888886,14.538497275553102,15.545100632877055,13.210881847266894,16.150615938341765,12.950128135328166,13.651623230829868,15.588450983583177
scan24,large_disparity,11.540211862542483,11.345111971364574,8.658336035056234,12.125256464002337,7.178614729209788,12.950489630779039,6.84150112536769,7.346888277220287,36.336625663979305
scan24,occluded_any,16.104427401946918,15.024698906442525,16.525472306138365,14.832617052226603,14.000776790359447,17.964276623187793,13.801348219979253,14.554609493830911,9.623551768929355
scan24,occluded_majority,24.170797114011663,22.259135731271886,24.391477343618785,21.813578788287025,21.114659109133562,25.711741295358156,21.54087319219401,21.825026108679104,9.704979915506094
scan24,large_disp_and_occluded,28.72049240128587,27.325990202989,26.982587499736052,24.540329230241632,21.6435987997751,31.885829773307368,20.658501194395882,21.919355344162568,23.680433336925667
scan24,boundary_and_occluded,22.976811325271203,22.01878766740759,22.758504573098755,22.020072313841478,20.4554045549038,23.553584384078473,19.800615915727672,21.08063636017164,8.25255923572843
scan29,full,9.987005109276238,9.48999847743461,8.318748711099426,9.460919596352625,7.837384222542818,9.616367005784559,7.1033078809302435,7.11600078285172,28.747400196659964
scan29,boundary,41.02483501179988,39.55388865060066,34.11094682792412,38.32509056170601,32.752511366253415,39.12466547537355,28.942561348558293,29.85048532012297,27.238012507455196
scan29,large_disparity,39.367411819650286,37.358763259943,32.572305265828795,37.45530983027856,30.3944392017914,37.98151395776366,26.38640850358252,27.139395068022953,31.061266632529055
scan29,occluded_any,67.71182511784498,65.3810434726952,65.61914847428818,61.307932118120874,59.313454245326554,62.308272000242795,51.16522197205612,52.8142855301902,22.00138537356991
scan29,occluded_majority,93.46942770060312,90.02381675291252,95.50407552025682,84.2322681936999,85.2477613671036,84.73163049051207,73.48863915334769,76.0067103116413,18.682811929583625
scan29,large_disp_and_occluded,96.49976578593817,92.8520860272736,94.62982220360402,87.12497756427416,84.87629770999978,88.91839684897218,72.98276453861519,74.9782951362582,22.302096253187024
scan29,boundary_and_occluded,73.9037064313931,70.85341908550443,68.61075514222932,66.29655195348987,65.68514327071247,68.92078391316909,54.560649161524566,56.62165139872643,23.384557916198826
scan32,full,4.850954042137296,4.447840440855038,3.7860669319985254,4.515672698459923,3.75198689242778,4.558094090688581,3.7419818425690514,3.8677559108364106,20.268139478552868
scan32,boundary,22.736094764719383,20.481915488771744,18.42571744698936,20.804764828980346,18.041810815362116,20.94665393977375,17.926665470735525,18.59257054285163,18.224432404712907
scan32,large_disparity,14.107540792080597,13.027637613288496,9.785966965935307,12.8497221572643,8.843899976932516,12.960944951219693,8.914398451164248,8.979018588935949,36.35305599132907
scan32,occluded_any,24.100400373995377,22.704331475796863,17.7352977102816,22.2471830371552,17.00384781915341,22.27133437142176,17.022188252944172,17.644113118287354,26.789128626570182
scan32,occluded_majority,35.442749393014395,32.78787569650208,25.666555644684117,32.63366108192626,24.528885661117997,32.528432421148864,24.37963554200075,25.699844680411978,27.489133544822284
scan32,large_disp_and_occluded,32.63212922906193,30.547456107153703,22.837789487944605,29.766670176767633,21.63551544311544,29.846832779210132,21.564662951404493,22.340886171345176,31.537148512366922
scan32,boundary_and_occluded,32.405429552839514,30.173655832846972,25.938979451618927,29.849319409791505,24.97432849643491,29.985856845634046,24.429342976611522,25.713348808488128,20.651109510643703
scan33,full,13.733905451475371,14.125094510563423,12.056788891311353,13.49401156726638,12.419209016543467,13.277497289824781,11.484389937182334,11.954085970239479,12.959310718457683
scan33,boundary,51.177108207846864,50.39733917714678,43.8806496850274,50.35903471744868,43.77474017285257,50.72250907797019,42.41657771355418,44.64074551842721,12.772043826457255
scan33,large_disparity,50.585915733010054,53.16780647117174,42.42075489566524,49.52552158995757,44.43737389514188,49.53806970395426,40.45863942921559,42.982219621120024,15.031251291410756
scan33,occluded_any,60.864794204446895,63.11888314557278,56.60575128126261,60.620459212505715,59.312390399129924,60.00974587052666,53.98353223260086,57.1036288900333,6.179541660454342
scan33,occluded_majority,98.83165743969606,102.5491806362143,96.10036103906752,100.20377485978157,100.70819940771105,98.18290519103569,91.04581933186552,96.84071648742598,2.0144769437716743
scan33,large_disp_and_occluded,101.32615567056027,106.90814489709801,92.78831553550145,99.85195687385949,98.20440279995547,100.55316907598487,88.737538230024,94.80367653349406,6.437112998022565
scan33,boundary_and_occluded,72.01639267354328,70.80053179207887,63.9714248028312,70.98979742848786,64.2406216133245,71.47205431355347,61.44625501724871,65.37822673719766,9.217576290494044
scan34,full,3.326054433411559,2.866142441188948,2.276222390647998,3.141406554383497,2.137932453727506,2.957650924427754,2.169339016306262,2.0550520752396007,38.2135164537365
scan34,boundary,17.493374444670394,13.680185369501832,13.538486967498164,15.403726672758195,12.662787387995568,14.207367851513705,11.858096660411258,11.693768547158944,33.1531570187042
scan34,large_disparity,12.92512331228692,10.92549276662309,7.980556330594376,12.101456259091345,7.483982657369144,11.40576747962083,7.067948023238493,6.902792391001876,46.59399199356246
scan34,occluded_any,35.60600907065545,29.73855780649627,27.47098137611397,33.20794044292049,24.927183707263023,31.863574342236912,24.421640025299588,23.98287174308982,32.64375208269211
scan34,occluded_majority,45.535526941751826,37.85884175271634,38.070212565736085,43.28946926179857,34.972248186615836,40.80424489609888,34.09408105330744,33.980955188532704,25.374850208716172
scan34,large_disp_and_occluded,50.43158954768913,41.92776879193607,38.54939441725496,47.127491109870824,34.81882991653621,44.90512013274508,33.81174311751042,33.39820693958975,33.7752245385648
scan34,boundary_and_occluded,46.91984693287842,37.74635842170948,39.23764789654563,42.543870698285325,36.09088938353695,40.7695718109414,35.88013527338486,34.83278148384719,25.761093096323357
scan48,full,14.012645300236331,14.792335586232873,14.496081395442125,15.838021932142778,14.004276546415273,14.166423779705912,12.904758531416016,12.557692931909548,10.383138494929607
scan48,boundary,43.400885208149006,43.160046481077,38.20032436428745,41.28511411982372,37.58606435291882,42.29645029312055,36.91479087761603,35.92792253082624,17.218456815990553
scan48,large_disparity,39.479703677740424,42.3551474167859,36.591634068730094,43.14994832437494,35.84702610162214,40.092962475806736,34.41485757734724,33.390044140669474,15.424785319512017
scan48,occluded_any,53.01889747498504,53.842811185787646,46.62974479984347,48.69609070313979,43.78272141745852,51.05974106880303,44.52999683955761,41.698747046929874,21.3511615050014
scan48,occluded_majority,67.93062256690361,68.48039461033042,62.32925721351528,61.07426384004044,59.07830855831602,63.69226540093053,59.21494377968876,55.42521930987439,18.409080889421965
scan48,large_disp_and_occluded,68.05572888771714,69.33168168752019,58.18810290817366,61.487568415287136,54.554813704502884,63.99191098110772,55.242371909795196,51.47110058005689,24.369187691785164
scan48,boundary_and_occluded,70.78679428044524,69.20469125072447,61.63155286354149,67.40145514498809,60.78577872481243,68.28866496693458,59.61945983953993,57.90397567437569,18.199466068529695
scan49,full,14.809773605601013,14.93841936069876,12.242597430917069,14.88463671851888,12.64931516260611,14.709701505979764,11.916515213356677,12.36709001308319,16.493726761589432
scan49,boundary,50.7046111613512,50.23722952706892,47.13576641312388,49.91453370920947,47.553051956681934,49.90241241161941,46.28876871899015,46.96744137396578,7.3704732208537775
scan49,large_disparity,41.97703151558859,43.15912497318383,29.056467397265465,42.22423871896942,31.6932503376135,41.64776917280693,28.42962029360754,29.701320121977883,29.243876830718722
scan49,occluded_any,54.08724397785826,55.08329889769622,48.45699407015617,54.199106205522725,50.962056525798445,53.509649667698305,47.49483960442918,48.595584613034355,10.15333553891566
scan49,occluded_majority,79.1103070449453,80.71170212766758,74.38961726934377,79.15519486016363,77.30363680636283,78.28664943723548,73.10337947819129,74.09258897498991,6.342685621362402
scan49,large_disp_and_occluded,96.08503717289248,98.85098621352077,79.37395242840608,95.63402852833838,86.32464916308514,94.53382238412159,78.49429691177676,82.31150606071151,14.334730481913958
scan49,boundary_and_occluded,67.81716559115247,68.03878263880021,63.915789921653676,67.03429814740575,64.91812666879784,66.90939978890573,62.28636329058954,63.05904114869594,7.016106322021347
scan62,full,3.8076448393804583,3.606492961073105,2.699374817217848,3.632289031561742,2.587504081883203,3.5580961198062195,2.5224691100560617,2.5077137973191275,34.140028728962086
scan62,boundary,18.111683661759177,16.656295212409002,13.969420905622234,16.801205106416482,13.486060159614764,16.42458283521216,13.250911240634991,13.172988697948407,27.268005868710482
scan62,large_disparity,11.989513611635351,11.357620925114743,6.362130982862643,11.430643214700423,5.8463567492657225,11.26788922221603,5.947732182593731,5.848887259085358,51.216642738457345
scan62,occluded_any,18.375885135236953,16.98787521861279,14.676201713717143,16.758356079141226,13.402040959881777,16.4967267443737,13.003704890860098,13.441226402195493,26.853992048409854
scan62,occluded_majority,25.482670428352723,23.10116883315742,22.03658358137142,23.014249159844606,19.662603258741214,22.16463932609648,19.02408288028168,19.87326927832794,22.01261114213371
scan62,large_disp_and_occluded,26.20843854038116,23.79973786448469,18.168665361769968,23.859663663408885,16.988788997308852,23.560382086362072,16.727799762844548,17.17475246707144,34.46861612679021
scan62,boundary_and_occluded,28.19517101197142,25.87688201062397,23.563194910463807,25.984872310147853,21.80062431200064,25.17655170822071,21.237197817039938,21.79474776231834,22.70042358294446
scan75,full,12.443371786954167,12.334795771282554,9.356171139807746,12.479143509071804,9.318031091292314,12.275064729462633,9.106146989477198,8.975198979484466,27.87164819029027
scan75,boundary,40.332383924735836,39.319740023150594,35.96317738552677,39.95974772821937,36.05293980438068,39.47220149851066,35.80114549516092,35.4505457814292,12.1040158509267
scan75,large_disparity,40.41794126797653,40.41720465753214,25.027378479260687,40.643473366314346,25.112960859510686,39.79433023124714,24.570793469080662,23.961993778115865,40.714462373913264
scan75,occluded_any,46.38445778504406,46.19076860800211,39.42808233062618,46.573017902751076,40.00023838868639,45.48087520518843,38.96701125354393,39.17929156390025,15.533578627854535
scan75,occluded_majority,58.44007314014995,58.51952310363999,52.184210317371544,59.001988245532466,52.47022114618352,57.33013546355665,51.686043894049845,52.01781967362465,10.98946856401696
scan75,large_disp_and_occluded,79.11547995526229,79.60567203841822,62.08778471329795,79.84578379088772,63.3008656190723,77.9352335837286,61.73516630130921,61.564842599141734,22.183569341985887
scan75,boundary_and_occluded,52.32585887443898,51.17518685775776,46.81128894596096,52.35583539285737,47.21841900585149,51.117183308364396,46.39067868349532,46.524804818503796,11.0864000720091
scan77,full,37.47824145387528,37.67724970191631,27.799876316393497,37.19914544389508,31.373436487220655,41.45590905819098,26.848355672612833,30.74421999899701,17.96781597441244
scan77,boundary,81.27411261804176,80.05373296522806,68.24137218315065,80.09606307000938,69.87575475121601,84.87233102366906,68.02126627941499,68.62202807288823,15.567176481659839
scan77,large_disparity,93.65543612971328,92.06326184612855,53.83694983440967,93.86923245935297,59.62824764189193,102.68590151794321,52.89713525531384,60.27583134340208,35.64086204251963
scan77,occluded_any,86.7011681613848,86.59146262753957,71.47152506222399,87.15169081416708,81.4864363701543,98.05686563973997,70.35939035150788,78.94770185573304,8.94274722022144
scan77,occluded_majority,108.6676013686713,108.21436702792015,95.12744458099645,111.07802185008002,105.92990138927506,121.58968883524676,96.55135879583321,104.37792325105636,3.9475225951307764
scan77,large_disp_and_occluded,183.68125418417267,179.0269411705134,126.34317879964816,185.38823082750108,145.11975000124352,206.22280292294775,128.63162912246963,142.3398538545646,22.507141794750627
scan77,boundary_and_occluded,122.75558046953758,120.02566817727057,109.05760704233278,121.63054947402456,114.81023375469118,129.67542495004727,108.94903229617233,111.024416265504,9.55652212238508
scan110,full,3.333351813415125,3.2865955386026346,3.291945388204612,3.3957913563808257,3.1710529588333873,3.3564276932910397,3.1923577266325736,3.1270510117776267,6.1889897372139835
scan110,boundary,15.638887576681142,15.073358110751965,15.072987828350854,15.401383533376084,14.585709794989194,15.39672120039064,14.763242774745237,14.696931665818083,6.023164411435458
scan110,large_disparity,10.07031297171903,9.916744092351925,9.660910487007513,10.255969792346033,9.692270891352349,10.110071097896801,9.801746837447629,9.381932752147968,6.8357380898118585
scan110,occluded_any,18.93492536272211,18.746962908814968,18.085310179593833,19.48765696364004,18.243835432175302,19.25553909382736,18.79597137602267,17.862308130954936,5.664755530955916
scan110,occluded_majority,25.79034557503697,25.748612780976348,24.911496989110894,26.941830088206522,25.080529207710523,26.463947072123837,25.919684808549203,24.71898950174033,4.154097393458839
scan110,large_disp_and_occluded,34.8227348425957,34.422664804708475,33.19696844411813,35.35343303427318,33.722940926942826,35.02957563130942,34.16111945242815,32.59697287648095,6.39169202584332
scan110,boundary_and_occluded,19.926311188969944,19.201079039230446,19.061649212444962,19.740498301523203,18.69616094840523,19.663301995897662,18.938609183809138,18.685345554609224,6.227774035003762
scan114,full,1.1433740845592313,1.0153693575582707,1.0154601015702098,1.095643202432596,0.9308081357959141,1.0626476142000878,1.0239159329880294,0.9337144952843209,18.336919832823895
scan114,boundary,6.847531914237663,5.804959684312582,5.497838527701497,6.4018678007035,5.129043732489788,6.133492962603707,5.534713891937676,5.136659438919912,24.985242810777365
scan114,large_disparity,2.9419163415528757,2.4786116807298955,2.3638001410196714,2.7844856551077086,2.1469391610247905,2.6366843489084837,2.370691904339608,2.153496989262329,26.799516395302508
scan114,occluded_any,10.755839703621207,8.820089518793964,8.127543639173638,9.839423653080354,7.435924912502836,9.362293338665268,8.193718772784333,7.562666950698305,29.68780533097611
scan114,occluded_majority,14.89736660603602,12.057217679701468,11.381290667623968,13.510868956238788,10.302013397554175,12.849702029207428,11.390251896380974,10.392612668690202,30.238592205421128
scan114,large_disp_and_occluded,15.19017486647579,12.518142420551264,11.636898429767628,14.112914777090026,10.4206686423784,13.347603421911707,11.769213956613541,10.652663279702029,29.871358471243788
scan114,boundary_and_occluded,13.116198580899038,10.769550212028044,9.953329927110468,12.036066824438109,9.093195594266831,11.410981786730849,10.028135011041835,9.28363425471078,29.22008463465608
scan118,full,2.212281712421146,1.8370917950658547,2.0095043550279796,2.164014738048128,1.814325670906645,1.9663129081125086,1.9734918561343948,1.8921746553580947,14.46954315382929
scan118,boundary,11.65779591230927,10.24168059686618,10.401165529275675,11.035951909188169,9.792738445425254,10.708451516062777,10.035318354194557,9.99700616249704,14.246172795482117
scan118,large_disparity,3.8241781538585573,2.687358131823502,3.0032567510291392,3.354890391935968,2.857384618490769,2.978089880963946,3.1262338953985522,2.994056110461659,21.707201129197223
scan118,occluded_any,9.826288696584587,7.418236222931275,7.863741708124232,9.16443180821277,7.485890812676565,7.991833293239539,8.063063308397096,7.775625204856311,20.86915574179134
scan118,occluded_majority,17.057364531799134,12.076999847829002,13.302488094183046,15.711418708961952,13.029992294512736,13.295688165248308,13.69172160791877,13.103934022640285,23.177264587320508
scan118,large_disp_and_occluded,14.506647035647225,9.56192252952035,10.783445153704378,12.42360255837094,10.484044127505515,10.448880314196229,11.674824301216995,11.023494300787917,24.010736087395983
scan118,boundary_and_occluded,14.518778616933492,12.439055267450343,12.444374778594845,13.494412995805062,11.71509015411095,12.959969029592022,11.840314637295311,12.091618709629527,16.717383544047763
