analysis_config,sample,scope,region,pixels,abs,acc2,acc4,acc8,stage1_in_range,stage2_in_range,stage3_in_range,stage1_range_width,stage2_range_width,stage3_range_width,improved_pixels_pct,worsened_pixels_pct,unchanged_pixels_pct,abs_reduction_pct,acc2_delta_pp,stage3_in_range_delta_pp,acc4_delta_pp,stage2_in_range_delta_pp,stage1_in_range_delta_pp,acc8_delta_pp
Base,scan4_view26_light3,full_image,full,14595,17.052188873291016,0.705858170606372,0.7411442274751627,0.764919492977047,0.8261048304213772,0.8259677971908188,0.7949982870846181,188.0,59.48928451538086,15.158714294433594,62.81603288797534,37.17711545049674,0.006851661527920521,0.0,0.0,0.0,0.0,0.0,0.0,0.0
Base,scan4_view26_light3,full_image,boundary,1460,51.240238189697266,0.21643835616438356,0.29315068493150687,0.37397260273972605,0.7465753424657534,0.7232876712328767,0.5595890410958904,188.0,60.27711868286133,18.115833282470703,63.630136986301366,36.36986301369863,0.0,0.0,0.0,0.0,0.0,0.0,0.0,0.0
Base,scan4_view26_light3,full_image,large_disparity,2919,74.0577392578125,0.08393285371702638,0.09352517985611511,0.11613566289825282,0.13052415210688592,0.13634806440561836,0.11647824597464886,188.0,40.774742126464844,10.373321533203125,91.22987324426174,8.770126755738266,0.0,0.0,0.0,0.0,0.0,0.0,0.0,0.0
Base,scan4_view26_light3,full_image,occluded_any,3610,33.833580017089844,0.35290858725761776,0.4299168975069252,0.49390581717451526,0.631578947368421,0.6321329639889197,0.5720221606648199,188.0,55.43208694458008,14.94034194946289,70.6371191135734,29.362880886426595,0.0,0.0,0.0,0.0,0.0,0.0,0.0,0.0
Base,scan4_view26_light3,full_image,occluded_majority,1860,42.77943801879883,0.25268817204301075,0.3365591397849462,0.41021505376344086,0.617741935483871,0.6134408602150537,0.5172043010752688,188.0,56.41313934326172,15.838140487670898,72.25806451612902,27.741935483870968,0.0,0.0,0.0,0.0,0.0,0.0,0.0,0.0
Base,scan4_view26_light3,full_image,large_disp_and_occluded,1643,64.31694030761719,0.10772976262933658,0.12477175897748022,0.16494217894096166,0.1905051734631771,0.20085209981740718,0.16555082166768106,188.0,44.054588317871094,11.884578704833984,86.30553864881315,13.694461351186854,0.0,0.0,0.0,0.0,0.0,0.0,0.0,0.0
Base,scan4_view26_light3,full_image,boundary_and_occluded,974,61.25810241699219,0.19609856262833675,0.26078028747433263,0.3295687885010267,0.6827515400410678,0.6519507186858317,0.5174537987679672,188.0,60.11859893798828,18.772565841674805,67.5564681724846,32.4435318275154,0.0,0.0,0.0,0.0,0.0,0.0,0.0,0.0
Base,scan4_view26_light3,full_image,occluded_ge2,1624,41.541378021240234,0.2672413793103448,0.3583743842364532,0.44273399014778325,0.6650246305418719,0.6613300492610837,0.562807881773399,188.0,58.24506378173828,16.536712646484375,70.19704433497537,29.802955665024633,0.0,0.0,0.0,0.0,0.0,0.0,0.0,0.0
Base,scan4_view26_light3,full_image,large_disp_and_occluded_ge2,763,74.25184631347656,0.1127129750982962,0.1402359108781127,0.1926605504587156,0.2870249017038008,0.2948885976408912,0.21887287024901703,188.0,50.103797912597656,14.704785346984863,74.96723460026212,25.032765399737876,0.0,0.0,0.0,0.0,0.0,0.0,0.0,0.0
Base+A+B+C,scan4_view26_light3,full_image,full,14595,7.167813777923584,0.7226447413497773,0.7704693388146625,0.8275436793422405,0.8261048304213772,0.9018156903048989,0.8845495032545392,188.0,62.0,14.99999713897705,62.81603288797534,37.17711545049674,0.006851661527920521,57.96543287676933,1.6786570743405282,8.955121616992113,2.9325111339499776,7.584789311408013,0.0,6.262418636519351
Base+A+B+C,scan4_view26_light3,full_image,boundary,1460,34.39892578125,0.23972602739726026,0.3136986301369863,0.40205479452054793,0.7465753424657534,0.7568493150684932,0.5452054794520548,188.0,62.0,14.99999713897705,63.630136986301366,36.36986301369863,0.0,32.867357770857325,2.32876712328767,-1.4383561643835585,2.0547945205479423,3.356164383561644,0.0,2.8082191780821883
Base+A+B+C,scan4_view26_light3,full_image,large_disparity,2919,24.97612953186035,0.13874614594039056,0.23706748886605003,0.42754367934224047,0.13052415210688592,0.5220966084275437,0.5954093867762933,188.0,62.0,14.99999713897705,91.22987324426174,8.770126755738266,0.0,66.27478804759008,5.481329222336417,47.893114080164445,14.354230900993493,38.574854402192535,0.0,31.140801644398763
Base+A+B+C,scan4_view26_light3,full_image,occluded_any,3610,17.998640060424805,0.4033240997229917,0.5049861495844875,0.6371191135734072,0.631578947368421,0.8318559556786703,0.7731301939058172,188.0,62.0,14.999995231628418,70.6371191135734,29.362880886426595,0.0,46.80243695366135,5.041551246537396,20.110803324099724,7.5069252077562325,19.97229916897506,0.0,14.321329639889196
Base+A+B+C,scan4_view26_light3,full_image,occluded_majority,1860,26.42392921447754,0.3311827956989247,0.4413978494623656,0.5591397849462365,0.617741935483871,0.7940860215053763,0.6913978494623656,188.0,62.0,14.999996185302734,72.25806451612902,27.741935483870968,0.0,38.23217312283085,7.849462365591398,17.419354838709676,10.483870967741938,18.06451612903226,0.0,14.892473118279565
Base+A+B+C,scan4_view26_light3,full_image,large_disp_and_occluded,1643,30.058719635009766,0.17102860620815583,0.28484479610468655,0.472915398660986,0.1905051734631771,0.6494217894096166,0.6415094339622641,188.0,62.0,14.999995231628418,86.30553864881315,13.694461351186854,0.0,53.26469279906051,6.329884357881925,47.5958612294583,16.007303712720635,44.85696895922094,0.0,30.797321972002432
Base+A+B+C,scan4_view26_light3,full_image,boundary_and_occluded,974,41.4815559387207,0.22895277207392198,0.2792607802874743,0.37166324435318276,0.6827515400410678,0.7053388090349076,0.5195071868583162,188.0,62.0,14.999996185302734,67.5564681724846,32.4435318275154,0.0,32.28396848411963,3.285420944558523,0.2053388090349051,1.848049281314168,5.338809034907599,0.0,4.2094455852156045
Base+A+B+C,scan4_view26_light3,full_image,occluded_ge2,1624,27.686614990234375,0.3497536945812808,0.4328817733990148,0.5455665024630542,0.6650246305418719,0.7974137931034483,0.6927339901477833,188.0,62.0,14.999995231628418,70.19704433497537,29.802955665024633,0.0,33.35171747052271,8.2512315270936,12.992610837438423,7.450738916256161,13.608374384236456,0.0,10.28325123152709
Base+A+B+C,scan4_view26_light3,full_image,large_disp_and_occluded_ge2,763,47.922183990478516,0.17693315858453473,0.2516382699868938,0.37745740498034075,0.2870249017038008,0.5871559633027523,0.5190039318479686,188.0,62.0,14.999996185302734,74.96723460026212,25.032765399737876,0.0,35.45994292430041,6.422018348623854,30.013106159895152,11.14023591087811,29.226736566186112,0.0,18.479685452162514
