series,sample,region,analysis_config,pixels,abs,acc2_pct,q95_mm,error_ge20_pct,base_under2_to_full_ge2,base_ge2_to_full_under2
View5,scan13_view03_light3,full,Base,15186,26.380352020263672,70.55840906097721,235.9549102783203,12.906624522586593,576,2620
View5,scan13_view03_light3,full,Base+A+B+C,15186,3.8398287296295166,84.0181746345318,5.2034454345703125,2.140129066245226,576,2620
View5,scan13_view03_light3,large_disparity,Base,3038,2.707864999771118,79.09809084924292,6.604571533203127,1.8762343647136273,149,280
View5,scan13_view03_light3,large_disparity,Base+A+B+C,3038,1.8899807929992676,83.41013824884793,4.732777404785159,0.7899934167215273,149,280
View5,scan13_view03_light3,occluded_any,Base,1022,21.400468826293945,36.59491193737769,146.12993774414025,10.371819960861057,50,100
View5,scan13_view03_light3,occluded_any,Base+A+B+C,1022,5.820618152618408,41.48727984344423,17.119528198242186,4.892367906066536,50,100
View5,scan13_view03_light3,occluded_ge2,Base,345,21.0853328704834,48.98550724637681,135.37724609375002,12.46376811594203,14,35
View5,scan13_view03_light3,occluded_ge2,Base+A+B+C,345,6.828797817230225,55.072463768115945,38.265039062500065,7.536231884057972,14,35
View5,scan13_view03_light3,large_disp_and_occluded,Base,406,5.2627482414245605,37.68472906403941,17.928787231445312,4.433497536945813,14,24
View5,scan13_view03_light3,large_disp_and_occluded,Base+A+B+C,406,4.357702732086182,40.14778325123153,9.822746276855469,2.2167487684729066,14,24
View5,scan13_view03_light3,large_disp_and_occluded_ge2,Base,140,6.15264892578125,49.28571428571429,23.77971038818355,8.571428571428571,3,11
View5,scan13_view03_light3,large_disp_and_occluded_ge2,Base+A+B+C,140,4.7835516929626465,55.00000000000001,16.5316421508789,4.285714285714286,3,11
View5,scan13_view03_light3,boundary,Base,1519,28.11006736755371,56.87952600394996,287.70357666015605,12.113232389730086,135,201
View5,scan13_view03_light3,boundary,Base+A+B+C,1519,4.554479122161865,61.224489795918366,16.24003906249997,4.5424621461487815,135,201
View5,scan13_view03_light3,occluded_majority,Base,632,28.65859031677246,34.177215189873415,280.19476165771454,13.449367088607595,22,84
View5,scan13_view03_light3,occluded_majority,Base+A+B+C,632,5.854176044464111,43.9873417721519,17.10692443847656,4.90506329113924,22,84
View5,scan13_view03_light3,boundary_and_occluded,Base,700,28.91564178466797,42.857142857142854,282.8885375976562,14.428571428571429,41,91
View5,scan13_view03_light3,boundary_and_occluded,Base+A+B+C,700,6.564250946044922,50.0,29.47353210449218,7.142857142857142,41,91
View5,scan34_view17_light3,full,Base,19543,5.242407321929932,87.52494499309216,42.68287963867151,6.749219669446862,559,1327
View5,scan34_view17_light3,full,Base+A+B+C,19543,1.2172166109085083,91.45474082791793,2.8378784179687457,0.7828890139691961,559,1327
View5,scan34_view17_light3,large_disparity,Base,3909,24.08709144592285,46.58480429777437,94.5175048828125,33.28216935277565,136,1239
View5,scan34_view17_light3,large_disparity,Base+A+B+C,3909,3.5558533668518066,74.80173957533897,12.491735839843747,3.4024047070862116,136,1239
View5,scan34_view17_light3,occluded_any,Base,907,34.74097442626953,25.358324145534727,127.25837402343689,43.880926130099226,43,296
View5,scan34_view17_light3,occluded_any,Base+A+B+C,907,8.09352970123291,53.25248070562293,45.10598144531249,10.143329658213892,43,296
View5,scan34_view17_light3,occluded_ge2,Base,455,35.51000213623047,15.164835164835164,124.71794433593669,48.13186813186813,16,163
View5,scan34_view17_light3,occluded_ge2,Base+A+B+C,455,8.601960182189941,47.47252747252747,45.241882324218736,12.307692307692308,16,163
View5,scan34_view17_light3,large_disp_and_occluded,Base,652,46.964962005615234,13.190184049079754,142.56971435546865,60.42944785276073,9,280
View5,scan34_view17_light3,large_disp_and_occluded,Base+A+B+C,652,9.629673957824707,54.75460122699386,53.197631835937415,13.03680981595092,9,280
View5,scan34_view17_light3,large_disp_and_occluded_ge2,Base,339,45.87403869628906,7.964601769911504,144.4848327636718,63.421828908554566,2,154
View5,scan34_view17_light3,large_disp_and_occluded_ge2,Base+A+B+C,339,9.448894500732422,52.8023598820059,50.63099975585937,14.454277286135694,2,154
View5,scan34_view17_light3,boundary,Base,1955,11.810646057128906,71.30434782608695,92.12075805664062,11.15089514066496,66,124
View5,scan34_view17_light3,boundary,Base+A+B+C,1955,5.642654895782471,74.27109974424553,37.910510253906246,7.41687979539642,66,124
View5,scan34_view17_light3,occluded_majority,Base,536,42.16358184814453,13.432835820895523,147.91552734375,53.917910447761194,17,208
View5,scan34_view17_light3,occluded_majority,Base+A+B+C,536,10.560564994812012,49.06716417910448,55.61280822753906,15.298507462686567,17,208
View5,scan34_view17_light3,boundary_and_occluded,Base,407,40.11363220214844,20.39312039312039,154.43363037109376,38.82063882063882,17,64
View5,scan34_view17_light3,boundary_and_occluded,Base+A+B+C,407,15.222101211547852,31.941031941031937,63.992980957031214,21.867321867321866,17,64
View5,scan12_view13_light3,full,Base,18574,20.09567642211914,65.7801227522343,109.50576782226553,23.904382470119522,249,891
View5,scan12_view13_light3,full,Base+A+B+C,18574,5.831806182861328,69.23656724453538,24.45438232421875,5.836114999461612,249,891
View5,scan12_view13_light3,large_disparity,Base,3715,83.07337951660156,0.4037685060565276,142.6749084472656,96.63526244952894,15,350
View5,scan12_view13_light3,large_disparity,Base+A+B+C,3715,17.427738189697266,9.421265141318976,52.57276611328124,21.85733512786003,15,350
View5,scan12_view13_light3,occluded_any,Base,3147,37.733951568603516,9.151572926596758,134.38583374023256,56.81601525262154,98,285
View5,scan12_view13_light3,occluded_any,Base+A+B+C,3147,17.05738067626953,15.093740069907849,65.97540283203116,8.674928503336512,98,285
View5,scan12_view13_light3,occluded_ge2,Base,1986,36.07596969604492,8.006042296072508,197.71697998046875,52.567975830815705,60,210
View5,scan12_view13_light3,occluded_ge2,Base+A+B+C,1986,20.317054748535156,15.55891238670695,190.8612518310547,10.775427995971802,60,210
View5,scan12_view13_light3,large_disp_and_occluded,Base,1208,63.479225158691406,1.2417218543046358,232.8018798828125,89.65231788079471,15,35
View5,scan12_view13_light3,large_disp_and_occluded,Base+A+B+C,1208,23.14827537536621,2.8973509933774833,232.38812866210938,8.774834437086094,15,35
View5,scan12_view13_light3,large_disp_and_occluded_ge2,Base,506,75.08538055419922,0.0,233.79811096191406,99.01185770750988,0,0
View5,scan12_view13_light3,large_disp_and_occluded_ge2,Base+A+B+C,506,37.87202835083008,0.0,233.24595642089844,14.031620553359684,0,0
View5,scan12_view13_light3,boundary,Base,1858,79.3396987915039,13.670613562970937,194.18790588378877,70.82884822389667,43,137
View5,scan12_view13_light3,boundary,Base+A+B+C,1858,32.089385986328125,18.729817007534987,174.3731323242186,46.23250807319699,43,137
View5,scan12_view13_light3,occluded_majority,Base,2330,34.17097854614258,9.05579399141631,155.89903259277332,49.18454935622318,80,225
View5,scan12_view13_light3,occluded_majority,Base+A+B+C,2330,19.28740692138672,15.278969957081545,113.92711181640495,10.214592274678111,80,225
View5,scan12_view13_light3,boundary_and_occluded,Base,637,52.466976165771484,22.605965463108323,232.79638671875,50.23547880690737,25,48
View5,scan12_view13_light3,boundary_and_occluded,Base+A+B+C,637,40.21284484863281,26.21664050235479,232.42939453125,25.117739403453687,25,48
View5,scan4_view13_light3,full,Base,17411,11.000677108764648,71.93728102923438,78.14126586914062,15.63379472747114,564,826
View5,scan4_view13_light3,full,Base+A+B+C,17411,3.627333641052246,73.44207684796967,14.59991455078125,3.664350123485153,564,826
View5,scan4_view13_light3,large_disparity,Base,3483,43.431427001953125,8.986505885730692,110.91636352539058,62.04421475739306,193,432
View5,scan4_view13_light3,large_disparity,Base+A+B+C,3483,7.991696357727051,15.848406546080964,19.03931884765625,4.593741027849555,193,432
View5,scan4_view13_light3,occluded_any,Base,3700,19.368989944458008,47.54054054054054,108.91929016113279,24.567567567567565,219,461
View5,scan4_view13_light3,occluded_any,Base+A+B+C,3700,9.619128227233887,54.08108108108108,34.09047546386711,10.378378378378377,219,461
View5,scan4_view13_light3,occluded_ge2,Base,2166,22.14797592163086,42.98245614035088,111.04055786132812,27.839335180055404,136,343
View5,scan4_view13_light3,occluded_ge2,Base+A+B+C,2166,10.824356079101562,52.53924284395198,43.086273193359375,12.60387811634349,136,343
View5,scan4_view13_light3,large_disp_and_occluded,Base,1130,44.586055755615234,9.469026548672566,117.65946655273437,56.10619469026549,50,250
View5,scan4_view13_light3,large_disp_and_occluded,Base+A+B+C,1130,15.345747947692871,27.168141592920353,81.09364013671873,13.805309734513274,50,250
View5,scan4_view13_light3,large_disp_and_occluded_ge2,Base,756,47.00160217285156,8.068783068783068,117.64492797851562,56.74603174603175,31,205
View5,scan4_view13_light3,large_disp_and_occluded_ge2,Base+A+B+C,756,17.079408645629883,31.084656084656086,90.53193664550781,16.93121693121693,31,205
View5,scan4_view13_light3,boundary,Base,1742,29.787519454956055,27.956371986222734,111.61145935058592,36.969001148105626,143,152
View5,scan4_view13_light3,boundary,Base+A+B+C,1742,17.75084686279297,28.473019517795638,85.49651489257793,24.052812858783007,143,152
View5,scan4_view13_light3,occluded_majority,Base,2381,22.341938018798828,41.95716085678286,110.5245361328125,27.67744645107098,160,352
View5,scan4_view13_light3,occluded_majority,Base+A+B+C,2381,11.123544692993164,50.02099958000839,50.857666015625,12.5157496850063,160,352
View5,scan4_view13_light3,boundary_and_occluded,Base,1114,35.50880432128906,25.763016157989227,115.03131408691405,39.76660682226212,97,83
View5,scan4_view13_light3,boundary_and_occluded,Base+A+B+C,1114,21.050947189331055,24.506283662477557,93.37550659179685,24.95511669658887,97,83
View5,scan12_view11_light3,full,Base,15869,11.53585147857666,72.17215955636776,88.96538085937487,13.800491524355662,628,437
View5,scan12_view11_light3,full,Base+A+B+C,15869,4.473188400268555,70.96855504442624,18.108044433593733,4.505639926901506,628,437
View5,scan12_view11_light3,large_disparity,Base,3174,50.088375091552734,5.482041587901701,129.8725341796875,62.85444234404537,168,88
View5,scan12_view11_light3,large_disparity,Base+A+B+C,3174,14.047255516052246,2.9615626969124134,42.29628906249999,16.824196597353495,168,88
View5,scan12_view11_light3,occluded_any,Base,2583,21.458059310913086,16.260162601626014,72.82152099609375,34.146341463414636,213,67
View5,scan12_view11_light3,occluded_any,Base+A+B+C,2583,13.629207611083984,10.607820363917925,42.20903930664065,9.562524196670537,213,67
View5,scan12_view11_light3,occluded_ge2,Base,1809,18.176822662353516,14.096185737976782,47.706164550781246,30.016583747927033,152,50
View5,scan12_view11_light3,occluded_ge2,Base+A+B+C,1809,15.828265190124512,8.45771144278607,59.59910888671859,11.387506909894968,152,50
View5,scan12_view11_light3,large_disp_and_occluded,Base,1918,24.053781509399414,9.071949947862358,74.86916809082027,39.4681960375391,168,18
View5,scan12_view11_light3,large_disp_and_occluded,Base+A+B+C,1918,12.29090404510498,1.251303441084463,21.64222412109374,6.047966631908238,168,18
View5,scan12_view11_light3,large_disp_and_occluded_ge2,Base,1355,19.168027877807617,9.37269372693727,48.26233520507811,32.91512915129151,125,15
View5,scan12_view11_light3,large_disp_and_occluded_ge2,Base+A+B+C,1355,14.197273254394531,1.2546125461254614,23.054400634765603,7.675276752767528,125,15
View5,scan12_view11_light3,boundary,Base,1587,15.707585334777832,45.30560806553245,96.67550048828097,17.328292375551353,125,129
View5,scan12_view11_light3,boundary,Base+A+B+C,1587,14.247632026672363,45.55765595463138,74.93067016601557,14.366729678638942,125,129
View5,scan12_view11_light3,occluded_majority,Base,1890,18.672330856323242,15.502645502645503,50.11493835449217,30.0,157,60
View5,scan12_view11_light3,occluded_majority,Base+A+B+C,1890,15.62435531616211,10.37037037037037,56.572677612304645,11.851851851851853,157,60
View5,scan12_view11_light3,boundary_and_occluded,Base,658,25.867021560668945,32.52279635258359,129.64219970703124,30.3951367781155,38,28
View5,scan12_view11_light3,boundary_and_occluded,Base+A+B+C,658,24.49728012084961,31.00303951367781,136.90892333984374,25.379939209726444,38,28
View5,scan4_view26_light3,full,Base,14595,17.052188873291016,70.5858170606372,111.27830200195312,19.965741692360396,213,458
View5,scan4_view26_light3,full,Base+A+B+C,14595,7.167813777923584,72.26447413497773,36.978527832031155,9.647139431312093,213,458
View5,scan4_view26_light3,large_disparity,Base,2919,74.0577392578125,8.393285371702639,155.10938110351555,81.7060637204522,19,179
View5,scan4_view26_light3,large_disparity,Base+A+B+C,2919,24.97612953186035,13.874614594039056,82.70115966796872,30.79821856800274,19,179
View5,scan4_view26_light3,occluded_any,Base,3610,33.833580017089844,35.29085872576177,137.98109741210936,39.639889196675895,101,283
View5,scan4_view26_light3,occluded_any,Base+A+B+C,3610,17.998640060424805,40.332409972299175,81.8221069335937,20.3601108033241,101,283
View5,scan4_view26_light3,occluded_ge2,Base,1624,41.541378021240234,26.72413793103448,152.89824523925782,42.30295566502463,43,177
View5,scan4_view26_light3,occluded_ge2,Base+A+B+C,1624,27.686614990234375,34.97536945812808,112.70303649902338,28.57142857142857,43,177
View5,scan4_view26_light3,large_disp_and_occluded,Base,1643,64.31694030761719,10.772976262933657,159.43601074218745,71.75897748021912,19,123
View5,scan4_view26_light3,large_disp_and_occluded,Base+A+B+C,1643,30.058719635009766,17.102860620815584,109.6762878417968,30.24954351795496,19,123
View5,scan4_view26_light3,large_disp_and_occluded_ge2,Base,763,74.25184631347656,11.271297509829619,205.34910888671862,69.46264744429882,18,67
View5,scan4_view26_light3,large_disp_and_occluded_ge2,Base+A+B+C,763,47.922183990478516,17.693315858453474,250.9828430175777,43.25032765399738,18,67
View5,scan4_view26_light3,boundary,Base,1460,51.240238189697266,21.643835616438356,165.96089172363278,49.65753424657534,57,91
View5,scan4_view26_light3,boundary,Base+A+B+C,1460,34.39892578125,23.972602739726025,111.79637145996094,43.97260273972603,57,91
View5,scan4_view26_light3,occluded_majority,Base,1860,42.77943801879883,25.268817204301076,154.8580505371093,45.86021505376344,46,192
View5,scan4_view26_light3,occluded_majority,Base+A+B+C,1860,26.42392921447754,33.11827956989247,106.43536682128904,28.655913978494624,46,192
View5,scan4_view26_light3,boundary_and_occluded,Base,974,61.25810241699219,19.609856262833674,175.81442260742185,54.41478439425052,29,61
View5,scan4_view26_light3,boundary_and_occluded,Base+A+B+C,974,41.4815559387207,22.895277207392198,135.01500854492187,46.71457905544148,29,61
View3,scan13_view11_light3,full,Base,15148,14.44637680053711,72.80829152363349,83.31396179199207,7.902033271719039,611,1200
View3,scan13_view11_light3,full,Base+A+B+C,15148,2.554081916809082,76.69659360971745,7.477203369140625,1.392923158172696,611,1200
View3,scan13_view11_light3,large_disparity,Base,3030,5.285770416259766,65.74257425742574,15.099822998046868,3.4653465346534658,39,599
View3,scan13_view11_light3,large_disparity,Base+A+B+C,3030,2.0314414501190186,84.22442244224423,7.462017822265623,0.9900990099009901,39,599
View3,scan13_view11_light3,occluded_any,Base,194,9.312317848205566,42.2680412371134,56.6706207275389,7.216494845360824,53,46
View3,scan13_view11_light3,occluded_any,Base+A+B+C,194,7.386674880981445,38.659793814432994,50.53442993164057,6.185567010309279,53,46
View3,scan13_view11_light3,occluded_ge2,Base,92,11.736274719238281,48.91304347826087,98.34681701660158,8.695652173913043,28,17
View3,scan13_view11_light3,occluded_ge2,Base+A+B+C,92,10.066691398620605,36.95652173913043,63.534817504882845,9.782608695652174,28,17
View3,scan13_view11_light3,large_disp_and_occluded,Base,78,9.427938461303711,12.82051282051282,7.622579956054601,3.8461538461538463,10,37
View3,scan13_view11_light3,large_disp_and_occluded,Base+A+B+C,78,6.172054290771484,47.43589743589743,9.864071655273364,3.8461538461538463,10,37
View3,scan13_view11_light3,large_disp_and_occluded_ge2,Base,42,13.986557960510254,16.666666666666664,92.91569824218716,7.142857142857142,7,17
View3,scan13_view11_light3,large_disp_and_occluded_ge2,Base+A+B+C,42,8.9689359664917,40.476190476190474,56.041641235351385,7.142857142857142,7,17
View3,scan13_view11_light3,boundary,Base,1515,27.317224502563477,19.801980198019802,146.50122070312491,17.02970297029703,217,213
View3,scan13_view11_light3,boundary,Base+A+B+C,1515,14.442168235778809,19.537953795379536,73.78778076171872,13.861386138613863,217,213
View3,scan13_view11_light3,occluded_majority,Base,150,10.272591590881348,43.333333333333336,76.26529846191401,8.0,44,31
View3,scan13_view11_light3,occluded_majority,Base+A+B+C,150,8.024526596069336,34.66666666666667,52.66829223632794,6.666666666666667,44,31
View3,scan13_view11_light3,boundary_and_occluded,Base,190,8.903618812561035,41.578947368421055,44.57306518554679,6.842105263157896,52,46
View3,scan13_view11_light3,boundary_and_occluded,Base+A+B+C,190,7.074952602386475,38.421052631578945,44.36925354003897,5.7894736842105265,52,46
View3,scan34_view18_light3,full,Base,19537,10.301804542541504,79.31105082663665,84.38483886718753,11.874904028254083,563,1600
View3,scan34_view18_light3,full,Base+A+B+C,19537,2.568594217300415,84.61892818754158,7.572058105468759,2.487587654194605,563,1600
View3,scan34_view18_light3,large_disparity,Base,3908,47.719844818115234,27.456499488229273,117.37698669433587,57.77891504605937,361,893
View3,scan34_view18_light3,large_disparity,Base+A+B+C,3908,9.696738243103027,41.069600818833166,43.720028686523364,11.310133060388946,361,893
View3,scan34_view18_light3,occluded_any,Base,1190,62.37941360473633,11.260504201680673,184.8075500488281,67.39495798319328,31,301
View3,scan34_view18_light3,occluded_any,Base+A+B+C,1190,20.1446533203125,33.94957983193277,90.88855895996092,22.18487394957983,31,301
View3,scan34_view18_light3,occluded_ge2,Base,442,79.3214111328125,6.108597285067873,261.9075592041015,79.86425339366517,11,59
View3,scan34_view18_light3,occluded_ge2,Base+A+B+C,442,35.76575469970703,16.968325791855204,185.22496948242187,36.199095022624434,11,59
View3,scan34_view18_light3,large_disp_and_occluded,Base,870,82.63127136230469,3.218390804597701,192.77138977050777,88.50574712643679,9,201
View3,scan34_view18_light3,large_disp_and_occluded,Base+A+B+C,870,25.184837341308594,25.287356321839084,115.27837219238279,27.47126436781609,9,201
View3,scan34_view18_light3,large_disp_and_occluded_ge2,Base,353,97.15892028808594,0.0,297.218115234375,96.60056657223795,0,31
View3,scan34_view18_light3,large_disp_and_occluded_ge2,Base+A+B+C,353,42.76838302612305,8.78186968838527,193.64730224609357,41.64305949008499,0,31
View3,scan34_view18_light3,boundary,Base,1954,20.232101440429688,62.7942681678608,159.68807983398438,16.47901740020471,129,148
View3,scan34_view18_light3,boundary,Base+A+B+C,1954,12.366617202758789,63.76663254861822,73.88187561035156,11.975435005117706,129,148
View3,scan34_view18_light3,occluded_majority,Base,541,78.230224609375,11.460258780036968,234.36383056640625,75.41589648798521,16,61
View3,scan34_view18_light3,occluded_majority,Base+A+B+C,541,35.59063720703125,19.77818853974122,168.36126708984375,36.41404805914972,16,61
View3,scan34_view18_light3,boundary_and_occluded,Base,450,67.74861145019531,18.666666666666668,260.61334533691394,52.666666666666664,20,49
View3,scan34_view18_light3,boundary_and_occluded,Base+A+B+C,450,39.86587142944336,25.11111111111111,184.65314331054682,38.88888888888889,20,49
View3,scan12_view14_light3,full,Base,19529,21.08406639099121,66.00952429719904,110.74152832031248,25.31619642582826,343,705
View3,scan12_view14_light3,full,Base+A+B+C,19529,7.607433319091797,67.86317783808695,31.67712402343749,7.563111270418352,343,705
View3,scan12_view14_light3,large_disparity,Base,3906,82.5206527709961,0.10240655401945725,140.15199279785156,96.44137224782386,4,287
View3,scan12_view14_light3,large_disparity,Base+A+B+C,3906,17.601642608642578,7.347670250896058,51.28111267089844,26.216077828981057,4,287
View3,scan12_view14_light3,occluded_any,Base,3504,38.11916732788086,9.389269406392694,189.05897216796853,58.87557077625571,151,235
View3,scan12_view14_light3,occluded_any,Base+A+B+C,3504,23.1318359375,11.786529680365296,208.05816650390594,12.385844748858448,151,235
View3,scan12_view14_light3,occluded_ge2,Base,2205,32.3521614074707,7.981859410430839,134.1774780273402,52.51700680272109,106,179
View3,scan12_view14_light3,occluded_ge2,Base+A+B+C,2205,22.974172592163086,11.292517006802722,212.43769531249916,12.290249433106576,106,179
View3,scan12_view14_light3,large_disp_and_occluded,Base,1129,52.29896545410156,0.354295837023915,151.2954101562495,87.68821966341895,4,91
View3,scan12_view14_light3,large_disp_and_occluded,Base+A+B+C,1129,17.961307525634766,8.060230292294065,64.16193847656241,8.41452612931798,4,91
View3,scan12_view14_light3,large_disp_and_occluded_ge2,Base,313,38.46418380737305,0.0,58.1680419921875,92.33226837060703,0,50
View3,scan12_view14_light3,large_disp_and_occluded_ge2,Base+A+B+C,313,5.832308769226074,15.974440894568689,9.63310546875,0.0,0,50
View3,scan12_view14_light3,boundary,Base,1953,79.38472747802734,10.957501280081926,147.4114990234375,76.19047619047619,65,73
View3,scan12_view14_light3,boundary,Base+A+B+C,1953,33.35785675048828,11.367127496159753,143.40678710937496,53.40501792114696,65,73
View3,scan12_view14_light3,occluded_majority,Base,2735,35.95333480834961,8.994515539305302,222.77698364257813,52.3217550274223,142,209
View3,scan12_view14_light3,occluded_majority,Base+A+B+C,2735,25.92829704284668,11.444241316270567,223.42696533203124,13.96709323583181,142,209
View3,scan12_view14_light3,boundary_and_occluded,Base,678,47.47922897338867,17.25663716814159,222.75570068359374,58.70206489675516,38,35
View3,scan12_view14_light3,boundary_and_occluded,Base+A+B+C,678,36.6996955871582,16.8141592920354,222.78753662109375,30.53097345132743,38,35
View3,scan4_view13_light3,full,Base,17411,10.875584602355957,72.44270863247372,75.86624145507812,15.00775371891333,519,1229
View3,scan4_view13_light3,full,Base+A+B+C,17411,3.9301116466522217,76.52059043133652,17.3460693359375,4.169777726724484,519,1229
View3,scan4_view13_light3,large_disparity,Base,3483,41.580169677734375,13.23571633649153,111.61907348632812,58.656330749354005,173,845
View3,scan4_view13_light3,large_disparity,Base+A+B+C,3483,9.085180282592773,32.52942865345966,20.36497802734374,5.196669537754809,173,845
View3,scan4_view13_light3,occluded_any,Base,3700,19.584545135498047,51.35135135135135,110.58052978515624,22.702702702702705,136,277
View3,scan4_view13_light3,occluded_any,Base+A+B+C,3700,10.72221851348877,55.16216216216216,37.635034179687445,11.378378378378379,136,277
View3,scan4_view13_light3,occluded_ge2,Base,2166,22.943740844726562,50.83102493074792,114.44955444335938,26.361957525392427,80,157
View3,scan4_view13_light3,occluded_ge2,Base+A+B+C,2166,13.657769203186035,54.385964912280706,59.05540466308594,13.896583564173593,80,157
View3,scan4_view13_light3,large_disp_and_occluded,Base,1130,42.26356887817383,22.74336283185841,119.94410400390625,48.76106194690266,41,109
View3,scan4_view13_light3,large_disp_and_occluded,Base+A+B+C,1130,19.48042106628418,28.761061946902654,80.48178100585925,15.04424778761062,41,109
View3,scan4_view13_light3,large_disp_and_occluded_ge2,Base,756,43.993629455566406,28.306878306878307,121.48834228515625,48.94179894179894,34,68
View3,scan4_view13_light3,large_disp_and_occluded_ge2,Base+A+B+C,756,24.641237258911133,32.804232804232804,119.33709716796875,18.51851851851852,34,68
View3,scan4_view13_light3,boundary,Base,1742,30.964126586914062,27.784156142365095,116.46508178710934,38.576349024110215,133,153
View3,scan4_view13_light3,boundary,Base+A+B+C,1742,20.478452682495117,28.93226176808266,88.98042602539033,26.75086107921929,133,153
View3,scan4_view13_light3,occluded_majority,Base,2381,23.623037338256836,47.92104157916842,114.166748046875,27.719445611087778,87,174
View3,scan4_view13_light3,occluded_majority,Base+A+B+C,2381,13.301043510437012,51.57496850062999,57.2747802734375,13.60772784544309,87,174
View3,scan4_view13_light3,boundary_and_occluded,Base,1114,38.32735061645508,23.429084380610412,121.73141784667965,43.53680430879713,68,99
View3,scan4_view13_light3,boundary_and_occluded,Base+A+B+C,1114,23.581804275512695,26.21184919210054,101.08844299316407,26.3016157989228,68,99
View3,scan4_view26_light3,full,Base,14595,18.03211784362793,70.86673518328195,112.82312622070305,20.322028091812264,266,524
View3,scan4_view26_light3,full,Base+A+B+C,14595,7.5576701164245605,72.63446385748544,41.513323974609364,11.346351490236382,266,524
View3,scan4_view26_light3,large_disparity,Base,2919,78.25493621826172,7.879410757108599,163.6107482910156,81.74032202809181,31,265
View3,scan4_view26_light3,large_disparity,Base+A+B+C,2919,25.70134735107422,15.895854744775608,76.59801025390624,37.58136348064406,31,265
View3,scan4_view26_light3,occluded_any,Base,3610,36.9167594909668,36.81440443213296,145.83208618164053,40.16620498614959,148,240
View3,scan4_view26_light3,occluded_any,Base+A+B+C,3610,18.58574104309082,39.362880886426595,72.87363281249998,24.764542936288088,148,240
View3,scan4_view26_light3,occluded_ge2,Base,1624,48.03195571899414,30.972906403940886,169.94473266601543,42.672413793103445,72,96
View3,scan4_view26_light3,occluded_ge2,Base+A+B+C,1624,26.826251983642578,32.45073891625616,99.23529357910154,33.12807881773399,72,96
View3,scan4_view26_light3,large_disp_and_occluded,Base,1643,71.02210998535156,10.042604990870359,173.07358398437495,71.81984175289105,30,142
View3,scan4_view26_light3,large_disp_and_occluded,Base+A+B+C,1643,30.193683624267578,16.859403530127814,98.73345336914024,37.97930614729154,30,142
View3,scan4_view26_light3,large_disp_and_occluded_ge2,Base,763,89.51053619384766,10.091743119266056,287.0534057617185,70.64220183486239,21,40
View3,scan4_view26_light3,large_disp_and_occluded_ge2,Base+A+B+C,763,45.49446487426758,12.58191349934469,219.03451538085935,52.16251638269986,21,40
View3,scan4_view26_light3,boundary,Base,1460,56.5294303894043,19.45205479452055,170.75101013183593,53.42465753424658,53,109
View3,scan4_view26_light3,boundary,Base+A+B+C,1460,35.11541748046875,23.28767123287671,109.09033203124996,48.08219178082192,53,109
View3,scan4_view26_light3,occluded_majority,Base,1860,48.31963348388672,28.817204301075268,165.036392211914,45.53763440860215,73,102
View3,scan4_view26_light3,occluded_majority,Base+A+B+C,1860,26.048559188842773,30.376344086021508,90.01367492675782,33.01075268817204,73,102
View3,scan4_view26_light3,boundary_and_occluded,Base,974,68.04837036132812,17.35112936344969,176.97049865722656,57.186858316221766,23,60
View3,scan4_view26_light3,boundary_and_occluded,Base+A+B+C,974,41.35292434692383,21.149897330595483,135.32847290039038,51.33470225872689,23,60
View3,scan75_view37_light3,full,Base,9871,27.33210563659668,60.37888765069395,143.68963623046875,28.051869111538853,641,1055
View3,scan75_view37_light3,full,Base+A+B+C,9871,12.66485595703125,64.57299159153075,81.35055541992188,13.615641778948435,641,1055
View3,scan75_view37_light3,large_disparity,Base,1975,86.42037963867188,0.25316455696202533,177.7778137207031,93.41772151898734,5,521
View3,scan75_view37_light3,large_disparity,Base+A+B+C,1975,22.48234748840332,26.379746835443036,95.9089782714843,34.88607594936709,5,521
View3,scan75_view37_light3,occluded_any,Base,3265,60.10649108886719,25.23736600306279,176.93427734374995,61.37825421133232,211,499
View3,scan75_view37_light3,occluded_any,Base+A+B+C,3265,31.82558822631836,34.05819295558959,164.32446289062497,32.40428790199081,211,499
View3,scan75_view37_light3,occluded_ge2,Base,1673,64.85938262939453,13.687985654512852,185.7255004882812,71.30902570233114,56,300
View3,scan75_view37_light3,occluded_ge2,Base+A+B+C,1673,34.62036895751953,28.272564255827852,169.11943359374996,33.47280334728033,56,300
View3,scan75_view37_light3,large_disp_and_occluded,Base,1512,82.65413665771484,0.3306878306878307,186.35192565917973,91.9973544973545,5,414
View3,scan75_view37_light3,large_disp_and_occluded,Base+A+B+C,1512,22.184965133666992,27.380952380952383,104.46383972167969,31.01851851851852,5,414
View3,scan75_view37_light3,large_disp_and_occluded_ge2,Base,973,72.9763412475586,0.513874614594039,187.19261474609368,88.59198355601234,5,270
View3,scan75_view37_light3,large_disp_and_occluded_ge2,Base+A+B+C,973,20.669992446899414,27.74922918807811,107.59674072265625,23.43268242548818,5,270
View3,scan75_view37_light3,boundary,Base,988,65.95259857177734,17.91497975708502,207.3633331298828,55.97165991902834,55,56
View3,scan75_view37_light3,boundary,Base+A+B+C,988,54.65838623046875,18.016194331983808,182.23312377929688,51.720647773279346,55,56
View3,scan75_view37_light3,occluded_majority,Base,1897,71.99278259277344,13.12598840274117,189.12100830078114,72.95730100158144,63,303
View3,scan75_view37_light3,occluded_majority,Base+A+B+C,1897,44.33833694458008,25.77754348972061,174.650390625,39.219820769636264,63,303
View3,scan75_view37_light3,boundary_and_occluded,Base,711,82.25959014892578,12.79887482419128,216.13723754882812,65.54149085794656,33,22
View3,scan75_view37_light3,boundary_and_occluded,Base+A+B+C,711,70.65492248535156,11.251758087201125,191.52545166015625,64.41631504922644,33,22
