series,category,rank,analysis_config,sample,scope,region,pixels,abs,acc2,acc4,acc8,stage1_in_range,stage2_in_range,stage3_in_range,stage1_range_width,stage2_range_width,stage3_range_width,improved_pixels_pct,worsened_pixels_pct,unchanged_pixels_pct,abs_reduction_pct,acc2_delta_pp,stage3_in_range_delta_pp,acc4_delta_pp,stage2_in_range_delta_pp,stage1_in_range_delta_pp,acc8_delta_pp
View5,large_disparity_dominant,1,Base,scan13_view03_light3,full_image,full,15186,26.380352020263672,0.7055840906097721,0.7928355063874621,0.8557223758725142,1.0,0.9219017516133281,0.8760042144080074,188.0,61.74314498901367,17.288311004638672,62.353483471618596,37.646516528381404,0.0,0.0,0.0,0.0,0.0,0.0,0.0,0.0
View5,large_disparity_dominant,1,Base,scan13_view03_light3,full_image,boundary,1519,28.11006736755371,0.5687952600394997,0.7004608294930875,0.837393021724819,1.0,0.9177090190915076,0.8926925608953259,188.0,65.14961242675781,16.919803619384766,53.39038841342989,46.60961158657011,0.0,0.0,0.0,0.0,0.0,0.0,0.0,0.0
View5,large_disparity_dominant,1,Base,scan13_view03_light3,full_image,large_disparity,3038,2.707864999771118,0.7909809084924292,0.8745885450954576,0.9641211323238973,1.0,0.9986833443054641,0.9888084265964451,188.0,52.644203186035156,16.192951202392578,51.876234364713625,48.123765635286375,0.0,0.0,0.0,0.0,0.0,0.0,0.0,0.0
View5,large_disparity_dominant,1,Base,scan13_view03_light3,full_image,occluded_any,1022,21.400468826293945,0.3659491193737769,0.49510763209393344,0.8434442270058709,1.0,0.9422700587084148,0.9187866927592955,188.0,65.08306121826172,17.02504539489746,58.21917808219178,41.78082191780822,0.0,0.0,0.0,0.0,0.0,0.0,0.0,0.0
View5,large_disparity_dominant,1,Base,scan13_view03_light3,full_image,occluded_majority,632,28.65859031677246,0.34177215189873417,0.48575949367088606,0.8085443037974683,1.0,0.9177215189873418,0.884493670886076,188.0,65.3494644165039,17.032915115356445,61.39240506329114,38.607594936708864,0.0,0.0,0.0,0.0,0.0,0.0,0.0,0.0
View5,large_disparity_dominant,1,Base,scan13_view03_light3,full_image,large_disp_and_occluded,406,5.2627482414245605,0.3768472906403941,0.4630541871921182,0.9261083743842364,1.0,0.9975369458128078,0.9729064039408867,188.0,63.91997528076172,16.923019409179688,63.30049261083743,36.69950738916256,0.0,0.0,0.0,0.0,0.0,0.0,0.0,0.0
View5,large_disparity_dominant,1,Base,scan13_view03_light3,full_image,boundary_and_occluded,700,28.91564178466797,0.42857142857142855,0.5671428571428572,0.7871428571428571,1.0,0.9157142857142857,0.8871428571428571,188.0,65.4869613647461,17.31459617614746,56.285714285714285,43.714285714285715,0.0,0.0,0.0,0.0,0.0,0.0,0.0,0.0
View5,large_disparity_dominant,1,Base,scan13_view03_light3,full_image,occluded_ge2,345,21.0853328704834,0.48985507246376814,0.6173913043478261,0.8231884057971014,1.0,0.9420289855072463,0.8985507246376812,188.0,66.1192626953125,17.45606231689453,52.46376811594203,47.53623188405797,0.0,0.0,0.0,0.0,0.0,0.0,0.0,0.0
View5,large_disparity_dominant,1,Base,scan13_view03_light3,full_image,large_disp_and_occluded_ge2,140,6.15264892578125,0.4928571428571429,0.6071428571428571,0.8785714285714286,1.0,0.9928571428571429,0.9428571428571428,188.0,65.92066192626953,17.691221237182617,60.71428571428571,39.285714285714285,0.0,0.0,0.0,0.0,0.0,0.0,0.0,0.0
View5,large_disparity_dominant,1,Base+A+B+C,scan13_view03_light3,full_image,full,15186,3.8398287296295166,0.8401817463453181,0.9316475701303832,0.9695772421967602,1.0,0.9911760832345582,0.9787304095877782,188.0,62.0,14.999998092651367,62.353483471618596,37.646516528381404,0.0,85.44436129328369,13.459765573554595,10.272619517977088,13.881206374292109,6.927433162123009,0.0,11.385486632424602
View5,large_disparity_dominant,1,Base+A+B+C,scan13_view03_light3,full_image,boundary,1519,4.554479122161865,0.6122448979591837,0.8097432521395656,0.9098090849242922,1.0,0.9967083607636603,0.9545753785385122,188.0,62.0,14.99999713897705,53.39038841342989,46.60961158657011,0.0,83.79769403392142,4.344963791968404,6.188281764318626,10.928242264647803,7.899934167215273,0.0,7.241606319947325
View5,large_disparity_dominant,1,Base+A+B+C,scan13_view03_light3,full_image,large_disparity,3038,1.8899807929992676,0.8341013824884793,0.9163923633969717,0.9828834759710335,1.0,0.9980250164581962,0.9911125740618828,188.0,62.0,14.999999046325684,51.876234364713625,48.123765635286375,0.0,30.204024456203765,4.312047399605012,0.23041474654377225,4.180381830151414,-0.06583278472679366,0.0,1.8762343647136248
View5,large_disparity_dominant,1,Base+A+B+C,scan13_view03_light3,full_image,occluded_any,1022,5.820618152618408,0.41487279843444225,0.5753424657534246,0.8845401174168297,1.0,0.9951076320939335,0.9471624266144814,188.0,62.0,14.999996185302734,58.21917808219178,41.78082191780822,0.0,72.80144561381368,4.892367906066536,2.837573385518588,8.023483365949119,5.283757338551864,0.0,4.109589041095885
View5,large_disparity_dominant,1,Base+A+B+C,scan13_view03_light3,full_image,occluded_majority,632,5.854176044464111,0.439873417721519,0.6028481012658228,0.8781645569620253,1.0,0.9936708860759493,0.9493670886075949,188.0,62.0,14.99999713897705,61.39240506329114,38.607594936708864,0.0,79.57270061173263,9.810126582278484,6.487341772151889,11.708860759493673,7.594936708860756,0.0,6.9620253164556996
View5,large_disparity_dominant,1,Base+A+B+C,scan13_view03_light3,full_image,large_disp_and_occluded,406,4.357702732086182,0.4014778325123153,0.5147783251231527,0.9384236453201971,1.0,0.9950738916256158,0.9704433497536946,188.0,62.0,14.99999713897705,63.30049261083743,36.69950738916256,0.0,17.19720320676777,2.463054187192121,-0.24630541871920597,5.1724137931034475,-0.24630541871920597,0.0,1.2315270935960632
View5,large_disparity_dominant,1,Base+A+B+C,scan13_view03_light3,full_image,boundary_and_occluded,700,6.564250946044922,0.5,0.6857142857142857,0.8471428571428572,1.0,0.9928571428571429,0.9257142857142857,188.0,62.0,14.99999713897705,56.285714285714285,43.714285714285715,0.0,77.29861576330114,7.142857142857145,3.857142857142859,11.857142857142854,7.714285714285718,0.0,6.000000000000005
View5,large_disparity_dominant,1,Base+A+B+C,scan13_view03_light3,full_image,occluded_ge2,345,6.828797817230225,0.5507246376811594,0.6840579710144927,0.8492753623188406,1.0,0.9884057971014493,0.9217391304347826,188.0,62.0,14.99999713897705,52.46376811594203,47.53623188405797,0.0,67.61351666024864,6.086956521739129,2.3188405797101463,6.666666666666665,4.637681159420293,0.0,2.60869565217392
View5,large_disparity_dominant,1,Base+A+B+C,scan13_view03_light3,full_image,large_disp_and_occluded_ge2,140,4.7835516929626465,0.55,0.65,0.8928571428571429,1.0,0.9928571428571429,0.95,188.0,62.0,14.999998092651367,60.71428571428571,39.285714285714285,0.0,22.252159181092207,5.714285714285716,0.7142857142857117,4.285714285714293,0.0,0.0,1.4285714285714346
View5,large_disparity_dominant,2,Base,scan34_view17_light3,full_image,full,19543,5.242407321929932,0.8752494499309216,0.8982755974006038,0.9137798700301898,0.92391137491685,0.9269815279128076,0.9236555288338536,188.0,61.53935623168945,15.578643798828125,47.09614695799007,52.89873612035,0.005116921659929386,0.0,0.0,0.0,0.0,0.0,0.0,0.0
View5,large_disparity_dominant,2,Base,scan34_view17_light3,full_image,boundary,1955,11.810646057128906,0.7130434782608696,0.7800511508951407,0.837851662404092,0.9125319693094629,0.9191815856777493,0.9012787723785166,188.0,61.44563293457031,16.74701690673828,55.70332480818414,44.29667519181585,0.0,0.0,0.0,0.0,0.0,0.0,0.0,0.0
View5,large_disparity_dominant,2,Base,scan34_view17_light3,full_image,large_disparity,3909,24.08709144592285,0.4658480429777437,0.5298030186748529,0.5848042977743668,0.6195958045535943,0.6349449987209005,0.6208749040675364,188.0,51.67484664916992,13.81292724609375,66.89690457917627,33.10309542082374,0.0,0.0,0.0,0.0,0.0,0.0,0.0,0.0
View5,large_disparity_dominant,2,Base,scan34_view17_light3,full_image,occluded_any,907,34.74097442626953,0.2535832414553473,0.3164277839029768,0.42337375964718854,0.5192943770672547,0.5402425578831312,0.5181918412348401,188.0,49.66059875488281,14.489784240722656,74.64167585446528,25.358324145534727,0.0,0.0,0.0,0.0,0.0,0.0,0.0,0.0
View5,large_disparity_dominant,2,Base,scan34_view17_light3,full_image,occluded_majority,536,42.16358184814453,0.13432835820895522,0.19402985074626866,0.3208955223880597,0.4197761194029851,0.4496268656716418,0.417910447761194,188.0,47.90081787109375,14.963567733764648,81.90298507462687,18.097014925373134,0.0,0.0,0.0,0.0,0.0,0.0,0.0,0.0
View5,large_disparity_dominant,2,Base,scan34_view17_light3,full_image,large_disp_and_occluded,652,46.964962005615234,0.13190184049079753,0.16717791411042945,0.24539877300613497,0.3312883435582822,0.3604294478527607,0.3312883435582822,188.0,44.01997756958008,13.67165470123291,86.96319018404908,13.03680981595092,0.0,0.0,0.0,0.0,0.0,0.0,0.0,0.0
View5,large_disparity_dominant,2,Base,scan34_view17_light3,full_image,boundary_and_occluded,407,40.11363220214844,0.20393120393120392,0.28746928746928746,0.43734643734643736,0.6437346437346437,0.6756756756756757,0.6265356265356266,188.0,53.793304443359375,17.96063995361328,70.02457002457002,29.975429975429975,0.0,0.0,0.0,0.0,0.0,0.0,0.0,0.0
View5,large_disparity_dominant,2,Base,scan34_view17_light3,full_image,occluded_ge2,455,35.51000213623047,0.15164835164835164,0.2175824175824176,0.3626373626373626,0.4703296703296703,0.5054945054945055,0.46813186813186813,188.0,49.23314666748047,14.897335052490234,80.0,20.0,0.0,0.0,0.0,0.0,0.0,0.0,0.0,0.0
View5,large_disparity_dominant,2,Base,scan34_view17_light3,full_image,large_disp_and_occluded_ge2,339,45.87403869628906,0.07964601769911504,0.12389380530973451,0.21238938053097345,0.2890855457227139,0.336283185840708,0.2890855457227139,188.0,44.156009674072266,14.203737258911133,91.44542772861357,8.55457227138643,0.0,0.0,0.0,0.0,0.0,0.0,0.0,0.0
View5,large_disparity_dominant,2,Base+A+B+C,scan34_view17_light3,full_image,full,19543,1.2172166109085083,0.9145474082791792,0.9689914547408279,0.9829094816558358,0.92391137491685,0.9734431765849665,0.9829606508724351,188.0,62.0,14.99999713897705,47.09614695799007,52.89873612035,0.005116921659929386,76.7813423078235,3.9297958348257667,5.930512203858152,7.0715857340224115,4.6461648672158855,0.0,6.912961162564601
View5,large_disparity_dominant,2,Base+A+B+C,scan34_view17_light3,full_image,boundary,1955,5.642654895782471,0.7427109974424553,0.8235294117647058,0.878772378516624,0.9125319693094629,0.9437340153452686,0.9130434782608695,188.0,62.0,14.999996185302734,55.70332480818414,44.29667519181585,0.0,52.22399461901947,2.966751918158572,1.17647058823529,4.347826086956519,2.455242966751925,0.0,4.092071611253201
View5,large_disparity_dominant,2,Base+A+B+C,scan34_view17_light3,full_image,large_disparity,3909,3.5558533668518066,0.7480173957533897,0.884113584036838,0.9314402660526989,0.6195958045535943,0.8672294704528012,0.9217191097467383,188.0,62.0,14.999996185302734,66.89690457917627,33.10309542082374,0.0,85.2375145632052,28.2169352775646,30.08442056792019,35.43105653619851,23.22844717319007,0.0,34.66359682783321
View5,large_disparity_dominant,2,Base+A+B+C,scan34_view17_light3,full_image,occluded_any,907,8.09352970123291,0.5325248070562293,0.7111356119073869,0.8015435501653804,0.5192943770672547,0.834619625137817,0.8412348401323043,188.0,62.0,14.999995231628418,74.64167585446528,25.358324145534727,0.0,76.70321620249962,27.894156560088202,32.304299889746424,39.470782800441015,29.437706725468573,0.0,37.81697905181918
View5,large_disparity_dominant,2,Base+A+B+C,scan34_view17_light3,full_image,occluded_majority,536,10.560564994812012,0.4906716417910448,0.6492537313432836,0.746268656716418,0.4197761194029851,0.8339552238805971,0.8115671641791045,188.0,62.0,14.999995231628418,81.90298507462687,18.097014925373134,0.0,74.95334947384993,35.634328358208954,39.365671641791046,45.52238805970149,38.43283582089553,0.0,42.53731343283583
View5,large_disparity_dominant,2,Base+A+B+C,scan34_view17_light3,full_image,large_disp_and_occluded,652,9.629673957824707,0.5475460122699386,0.7055214723926381,0.7822085889570553,0.3312883435582822,0.7699386503067485,0.799079754601227,188.0,62.0,14.99999713897705,86.96319018404908,13.03680981595092,0.0,79.49604652789166,41.5644171779141,46.77914110429449,53.83435582822086,40.95092024539878,0.0,53.68098159509203
View5,large_disparity_dominant,2,Base+A+B+C,scan34_view17_light3,full_image,boundary_and_occluded,407,15.222101211547852,0.3194103194103194,0.4864864864864865,0.6339066339066339,0.6437346437346437,0.8108108108108109,0.7346437346437347,188.0,62.0,14.999995231628418,70.02457002457002,29.975429975429975,0.0,62.05254828374137,11.547911547911546,10.81081081081081,19.901719901719904,13.51351351351352,0.0,19.65601965601966
View5,large_disparity_dominant,2,Base+A+B+C,scan34_view17_light3,full_image,occluded_ge2,455,8.601960182189941,0.4747252747252747,0.654945054945055,0.7604395604395604,0.4703296703296703,0.8747252747252747,0.8351648351648352,188.0,62.0,14.999995231628418,80.0,20.0,0.0,75.77595138071406,32.30769230769231,36.70329670329671,43.73626373626374,36.92307692307693,0.0,39.78021978021978
View5,large_disparity_dominant,2,Base+A+B+C,scan34_view17_light3,full_image,large_disp_and_occluded_ge2,339,9.448894500732422,0.528023598820059,0.6873156342182891,0.7640117994100295,0.2890855457227139,0.831858407079646,0.8082595870206489,188.0,62.0,14.99999713897705,91.44542772861357,8.55457227138643,0.0,79.40252314977276,44.83775811209439,51.91740412979351,56.34218289085546,49.5575221238938,0.0,55.16224188790561
View5,occlusion_dominant,1,Base,scan12_view13_light3,full_image,full,18574,20.09567642211914,0.657801227522343,0.6887046408958759,0.7134704425541079,0.7388823086034242,0.7447507268224399,0.7317756003014967,188.0,56.313690185546875,13.966283798217773,68.4612899752342,31.538710024765805,0.0,0.0,0.0,0.0,0.0,0.0,0.0,0.0
View5,occlusion_dominant,1,Base,scan12_view13_light3,full_image,boundary,1858,79.3396987915039,0.13670613562970937,0.18353067814854682,0.22927879440258342,0.34391819160387516,0.3191603875134553,0.2588805166846071,188.0,47.28423309326172,11.705423355102539,84.17653390742734,15.823466092572659,0.0,0.0,0.0,0.0,0.0,0.0,0.0,0.0
View5,occlusion_dominant,1,Base,scan12_view13_light3,full_image,large_disparity,3715,83.07337951660156,0.004037685060565276,0.007267833109017497,0.013997308209959623,0.0024226110363391655,0.008075370121130552,0.008075370121130552,188.0,35.76362991333008,8.216120719909668,97.9542395693136,2.0457604306864066,0.0,0.0,0.0,0.0,0.0,0.0,0.0,0.0
View5,occlusion_dominant,1,Base,scan12_view13_light3,full_image,occluded_any,3147,37.733951568603516,0.09151572926596759,0.13282491261518906,0.21989196059739435,0.2554814108674929,0.3044169049888783,0.25039720368605023,188.0,40.62171173095703,9.918869018554688,84.620273276136,15.379726723863998,0.0,0.0,0.0,0.0,0.0,0.0,0.0,0.0
View5,occlusion_dominant,1,Base,scan12_view13_light3,full_image,occluded_majority,2330,34.17097854614258,0.0905579399141631,0.13905579399141632,0.2446351931330472,0.2892703862660944,0.3536480686695279,0.28626609442060086,188.0,40.5657844543457,9.987421035766602,83.21888412017168,16.781115879828327,0.0,0.0,0.0,0.0,0.0,0.0,0.0,0.0
View5,occlusion_dominant,1,Base,scan12_view13_light3,full_image,large_disp_and_occluded,1208,63.479225158691406,0.012417218543046357,0.022350993377483443,0.04304635761589404,0.0074503311258278145,0.024834437086092714,0.024834437086092714,188.0,37.30814743041992,8.663752555847168,93.70860927152319,6.291390728476822,0.0,0.0,0.0,0.0,0.0,0.0,0.0,0.0
View5,occlusion_dominant,1,Base,scan12_view13_light3,full_image,boundary_and_occluded,637,52.466976165771484,0.2260596546310832,0.27629513343799056,0.3626373626373626,0.4850863422291994,0.48194662480376765,0.3924646781789639,188.0,53.61389923095703,13.630751609802246,70.17268445839875,29.82731554160126,0.0,0.0,0.0,0.0,0.0,0.0,0.0,0.0
View5,occlusion_dominant,1,Base,scan12_view13_light3,full_image,occluded_ge2,1986,36.07596969604492,0.08006042296072508,0.11933534743202417,0.22356495468277945,0.2472306143001007,0.30362537764350456,0.2457200402819738,188.0,40.355613708496094,9.941777229309082,84.74320241691842,15.256797583081571,0.0,0.0,0.0,0.0,0.0,0.0,0.0,0.0
View5,occlusion_dominant,1,Base,scan12_view13_light3,full_image,large_disp_and_occluded_ge2,506,75.08538055419922,0.0,0.001976284584980237,0.003952569169960474,0.0,0.0,0.0,188.0,39.582698822021484,9.308086395263672,97.03557312252964,2.9644268774703555,0.0,0.0,0.0,0.0,0.0,0.0,0.0,0.0
View5,occlusion_dominant,1,Base+A+B+C,scan12_view13_light3,full_image,full,18574,5.831806182861328,0.6923656724453537,0.7662323678259934,0.8670184128351459,0.7388823086034242,0.873532895445246,0.9064821793905459,188.0,62.0,14.999996185302734,68.4612899752342,31.538710024765805,0.0,70.97979654746875,3.4564444923010695,17.47065790890492,7.752772693011744,12.878216862280611,0.0,15.354797028103807
View5,occlusion_dominant,1,Base+A+B+C,scan12_view13_light3,full_image,boundary,1858,32.089385986328125,0.18729817007534985,0.2502691065662002,0.34607104413347684,0.34391819160387516,0.4381054897739505,0.43379978471474706,188.0,62.0,14.999996185302734,84.17653390742734,15.823466092572659,0.0,59.55443935997849,5.059203444564048,17.491926803013996,6.67384284176534,11.894510226049515,0.0,11.679224973089342
View5,occlusion_dominant,1,Base+A+B+C,scan12_view13_light3,full_image,large_disparity,3715,17.427738189697266,0.09421265141318977,0.24656796769851952,0.5633916554508749,0.0024226110363391655,0.40915208613728127,0.6053835800807537,188.0,62.0,14.999996185302734,97.9542395693136,2.0457604306864066,0.0,79.02127216792177,9.01749663526245,59.73082099596231,23.930013458950203,40.10767160161507,0.0,54.93943472409153
View5,occlusion_dominant,1,Base+A+B+C,scan12_view13_light3,full_image,occluded_any,3147,17.05738067626953,0.1509374006990785,0.33110899269145216,0.6428344455036543,0.2554814108674929,0.8782967905942167,0.9119796631712742,188.0,62.0,14.999995231628418,84.620273276136,15.379726723863998,0.0,54.795668178940204,5.9421671433110905,66.15824594852239,19.82840800762631,57.38798856053384,0.0,42.294248490625996
View5,occlusion_dominant,1,Base+A+B+C,scan12_view13_light3,full_image,occluded_majority,2330,19.28740692138672,0.15278969957081545,0.2909871244635193,0.582832618025751,0.2892703862660944,0.9107296137339056,0.8957081545064378,188.0,62.0,14.999996185302734,83.21888412017168,16.781115879828327,0.0,43.556176199806266,6.223175965665235,60.9442060085837,15.1931330472103,55.708154506437765,0.0,33.81974248927038
View5,occlusion_dominant,1,Base+A+B+C,scan12_view13_light3,full_image,large_disp_and_occluded,1208,23.14827537536621,0.028973509933774833,0.1697019867549669,0.5695364238410596,0.0074503311258278145,0.7582781456953642,0.9122516556291391,188.0,62.0,14.99999713897705,93.70860927152319,6.291390728476822,0.0,63.53409274058095,1.6556291390728477,88.74172185430464,14.735099337748345,73.34437086092716,0.0,52.64900662251656
View5,occlusion_dominant,1,Base+A+B+C,scan12_view13_light3,full_image,boundary_and_occluded,637,40.21284484863281,0.2621664050235479,0.33751962323390894,0.4772370486656201,0.4850863422291994,0.7629513343799058,0.7346938775510204,188.0,62.0,14.99999713897705,70.17268445839875,29.82731554160126,0.0,23.355893959700023,3.6106750392464666,34.22291993720565,6.122448979591838,28.100470957613815,0.0,11.459968602825748
View5,occlusion_dominant,1,Base+A+B+C,scan12_view13_light3,full_image,occluded_ge2,1986,20.317054748535156,0.1555891238670695,0.31067472306143,0.6022155085599195,0.2472306143001007,0.9083585095669687,0.8897280966767371,188.0,62.0,14.999996185302734,84.74320241691842,15.256797583081571,0.0,43.68258173040168,7.552870090634442,64.40080563947633,19.133937562940584,60.47331319234641,0.0,37.865055387713994
View5,occlusion_dominant,1,Base+A+B+C,scan12_view13_light3,full_image,large_disp_and_occluded_ge2,506,37.87202835083008,0.0,0.021739130434782608,0.3557312252964427,0.0,0.7924901185770751,0.8616600790513834,188.0,62.0,14.999996185302734,97.03557312252964,2.9644268774703555,0.0,49.56138189445182,0.0,86.16600790513834,1.9762845849802373,79.2490118577075,0.0,35.177865612648226
View5,occlusion_dominant,2,Base,scan4_view13_light3,full_image,full,17411,11.000677108764648,0.7193728102923439,0.7661248635919821,0.7947274711389352,0.8654873355924415,0.8687611280225145,0.8337832404801562,188.0,60.2060432434082,15.417611122131348,57.061627706622254,42.93837229337775,0.0,0.0,0.0,0.0,0.0,0.0,0.0,0.0
View5,occlusion_dominant,2,Base,scan4_view13_light3,full_image,boundary,1742,29.787519454956055,0.27956371986222733,0.39667049368541907,0.5005740528128588,0.883467278989667,0.8438576349024111,0.6928817451205511,188.0,62.36357879638672,18.541305541992188,57.86452353616532,42.13547646383467,0.0,0.0,0.0,0.0,0.0,0.0,0.0,0.0
View5,occlusion_dominant,2,Base,scan4_view13_light3,full_image,large_disparity,3483,43.431427001953125,0.08986505885730692,0.1642262417456216,0.2236577662934252,0.3275911570485214,0.36032156187194947,0.29198966408268734,188.0,44.10976028442383,11.362645149230957,85.6732701693942,14.3267298306058,0.0,0.0,0.0,0.0,0.0,0.0,0.0,0.0
View5,occlusion_dominant,2,Base,scan4_view13_light3,full_image,occluded_any,3700,19.368989944458008,0.4754054054054054,0.5991891891891892,0.6621621621621622,0.9086486486486487,0.8954054054054054,0.8005405405405406,188.0,60.554779052734375,16.91227912902832,63.27027027027027,36.72972972972973,0.0,0.0,0.0,0.0,0.0,0.0,0.0,0.0
View5,occlusion_dominant,2,Base,scan4_view13_light3,full_image,occluded_majority,2381,22.341938018798828,0.41957160856782866,0.5632087358252835,0.6245275094498111,0.9004619907601848,0.8824023519529609,0.7774044519109617,188.0,59.41946029663086,17.106124877929688,65.18269634607307,34.81730365392692,0.0,0.0,0.0,0.0,0.0,0.0,0.0,0.0
View5,occlusion_dominant,2,Base,scan4_view13_light3,full_image,large_disp_and_occluded,1130,44.586055755615234,0.09469026548672567,0.25309734513274335,0.3053097345132743,0.7008849557522124,0.6867256637168142,0.4946902654867257,188.0,50.621116638183594,15.272418022155762,81.94690265486726,18.053097345132745,0.0,0.0,0.0,0.0,0.0,0.0,0.0,0.0
View5,occlusion_dominant,2,Base,scan4_view13_light3,full_image,boundary_and_occluded,1114,35.50880432128906,0.25763016157989227,0.3653500897666068,0.46858168761220825,0.848294434470377,0.8061041292639138,0.6822262118491921,188.0,62.0595703125,19.17453384399414,60.32315978456014,39.67684021543986,0.0,0.0,0.0,0.0,0.0,0.0,0.0,0.0
View5,occlusion_dominant,2,Base,scan4_view13_light3,full_image,occluded_ge2,2166,22.14797592163086,0.4298245614035088,0.5821791320406279,0.6458910433979687,0.9039704524469068,0.8845798707294552,0.7890120036934442,188.0,60.14635467529297,17.487258911132812,65.9741458910434,34.02585410895661,0.0,0.0,0.0,0.0,0.0,0.0,0.0,0.0
View5,occlusion_dominant,2,Base,scan4_view13_light3,full_image,large_disp_and_occluded_ge2,756,47.00160217285156,0.08068783068783068,0.29365079365079366,0.36243386243386244,0.7248677248677249,0.6970899470899471,0.533068783068783,188.0,51.67877960205078,16.553617477416992,84.52380952380952,15.476190476190476,0.0,0.0,0.0,0.0,0.0,0.0,0.0,0.0
View5,occlusion_dominant,2,Base+A+B+C,scan4_view13_light3,full_image,full,17411,3.627333641052246,0.7344207684796967,0.8303371431853426,0.9128711733961289,0.8654873355924415,0.9586468324622365,0.9510079834587329,188.0,62.0,14.999996185302734,57.061627706622254,42.93837229337775,0.0,67.02626933607374,1.5047958187352828,11.722474297857676,6.421227959336051,8.988570443972199,0.0,11.814370225719372
View5,occlusion_dominant,2,Base+A+B+C,scan4_view13_light3,full_image,boundary,1742,17.75084686279297,0.2847301951779564,0.4357060849598163,0.5884041331802525,0.883467278989667,0.8800229621125144,0.71699196326062,188.0,62.0,14.999995231628418,57.86452353616532,42.13547646383467,0.0,40.40844223489184,0.5166475315729058,2.411021814006886,3.9035591274397206,3.616532721010335,0.0,8.783008036739371
View5,occlusion_dominant,2,Base+A+B+C,scan4_view13_light3,full_image,large_disparity,3483,7.991696357727051,0.15848406546080965,0.4777490668963537,0.7924203273040482,0.3275911570485214,0.8084984209015217,0.8934826299167384,188.0,62.0,14.999995231628418,85.6732701693942,14.3267298306058,0.0,81.59927750619923,6.861900660350273,60.14929658340511,31.352282515073217,44.81768590295722,0.0,56.8762561010623
View5,occlusion_dominant,2,Base+A+B+C,scan4_view13_light3,full_image,occluded_any,3700,9.619128227233887,0.5408108108108108,0.6464864864864864,0.7416216216216216,0.9086486486486487,0.9272972972972973,0.8732432432432432,188.0,62.0,14.999996185302734,63.27027027027027,36.72972972972973,0.0,50.33748143389284,6.540540540540546,7.270270270270263,4.729729729729726,3.18918918918919,0.0,7.945945945945942
View5,occlusion_dominant,2,Base+A+B+C,scan4_view13_light3,full_image,occluded_majority,2381,11.123544692993164,0.500209995800084,0.6068878622427551,0.7085258294834104,0.9004619907601848,0.9076018479630408,0.8399832003359933,188.0,62.0,14.999995231628418,65.18269634607307,34.81730365392692,0.0,50.21226590265512,8.06383872322553,6.257874842503153,4.3679126417471625,2.519949601007987,0.0,8.399832003359931
View5,occlusion_dominant,2,Base+A+B+C,scan4_view13_light3,full_image,large_disp_and_occluded,1130,15.345747947692871,0.27168141592920353,0.3893805309734513,0.5415929203539823,0.7008849557522124,0.8017699115044248,0.7911504424778761,188.0,62.0,14.999996185302734,81.94690265486726,18.053097345132745,0.0,65.58173247751299,17.699115044247787,29.646017699115045,13.628318584070797,11.504424778761058,0.0,23.6283185840708
View5,occlusion_dominant,2,Base+A+B+C,scan4_view13_light3,full_image,boundary_and_occluded,1114,21.050947189331055,0.24506283662477557,0.3877917414721723,0.547576301615799,0.848294434470377,0.8447037701974865,0.7010771992818672,188.0,62.0,14.999996185302734,60.32315978456014,39.67684021543986,0.0,40.71626011718423,-1.2567324955116699,1.8850987432675104,2.24416517055655,3.859964093357271,0.0,7.89946140035907
View5,occlusion_dominant,2,Base+A+B+C,scan4_view13_light3,full_image,occluded_ge2,2166,10.824356079101562,0.5253924284395198,0.6274238227146814,0.7206832871652816,0.9039704524469068,0.9090489381348107,0.8397968605724838,188.0,62.0,14.999996185302734,65.9741458910434,34.02585410895661,0.0,51.127109233806166,9.556786703601105,5.078485687903966,4.524469067405357,2.4469067405355482,0.0,7.479224376731297
View5,occlusion_dominant,2,Base+A+B+C,scan4_view13_light3,full_image,large_disp_and_occluded_ge2,756,17.079408645629883,0.31084656084656087,0.421957671957672,0.5529100529100529,0.7248677248677249,0.7685185185185185,0.7407407407407407,188.0,62.0,14.99999713897705,84.52380952380952,15.476190476190476,0.0,63.66207138467492,23.015873015873016,20.767195767195766,12.83068783068783,7.14285714285714,0.0,19.047619047619047
View5,joint_difficulty,1,Base,scan12_view11_light3,full_image,full,15869,11.53585147857666,0.7217215955636777,0.7647614846556179,0.8008066040708299,0.8457999873968114,0.8526057092444388,0.8452328439095091,188.0,58.59287643432617,14.875448226928711,53.683281870313195,46.304114941080094,0.0126031886067175,0.0,0.0,0.0,0.0,0.0,0.0,0.0
View5,joint_difficulty,1,Base,scan12_view11_light3,full_image,boundary,1587,15.707585334777832,0.4530560806553245,0.5973534971644613,0.7120352867044738,0.9124133585381222,0.8853182104599874,0.8468809073724007,188.0,61.75608444213867,16.9263858795166,49.14933837429111,50.85066162570888,0.0,0.0,0.0,0.0,0.0,0.0,0.0,0.0
View5,joint_difficulty,1,Base,scan12_view11_light3,full_image,large_disparity,3174,50.088375091552734,0.054820415879017016,0.09798361688720857,0.17926906112161312,0.22904851921865155,0.27567737870195336,0.26622558286074355,188.0,37.067832946777344,9.444392204284668,77.28418399495905,22.71581600504096,0.0,0.0,0.0,0.0,0.0,0.0,0.0,0.0
View5,joint_difficulty,1,Base,scan12_view11_light3,full_image,occluded_any,2583,21.458059310913086,0.16260162601626016,0.23925667828106853,0.35423925667828104,0.5334881920247774,0.5826558265582655,0.5462640340689121,188.0,44.40391540527344,12.329360008239746,58.14943863724351,41.85056136275648,0.0,0.0,0.0,0.0,0.0,0.0,0.0,0.0
View5,joint_difficulty,1,Base,scan12_view11_light3,full_image,occluded_majority,1890,18.672330856323242,0.15502645502645504,0.2312169312169312,0.33544973544973544,0.5925925925925926,0.6423280423280423,0.5973544973544973,188.0,45.435482025146484,12.926746368408203,56.56084656084656,43.439153439153436,0.0,0.0,0.0,0.0,0.0,0.0,0.0,0.0
View5,joint_difficulty,1,Base,scan12_view11_light3,full_image,large_disp_and_occluded,1918,24.053781509399414,0.09071949947862357,0.162148070907195,0.28936392075078204,0.37174139728884253,0.4489051094890511,0.43326381647549533,188.0,38.19657516479492,10.331611633300781,62.77372262773723,37.22627737226277,0.0,0.0,0.0,0.0,0.0,0.0,0.0,0.0
View5,joint_difficulty,1,Base,scan12_view11_light3,full_image,boundary_and_occluded,658,25.867021560668945,0.3252279635258359,0.4088145896656535,0.49544072948328266,0.8206686930091185,0.78419452887538,0.7203647416413373,188.0,58.39000701904297,16.878963470458984,48.17629179331307,51.82370820668692,0.0,0.0,0.0,0.0,0.0,0.0,0.0,0.0
View5,joint_difficulty,1,Base,scan12_view11_light3,full_image,occluded_ge2,1809,18.176822662353516,0.14096185737976782,0.2155887230514096,0.32117191818684354,0.5837479270315091,0.6357103372028745,0.5925925925925926,188.0,44.8763542175293,12.863648414611816,56.550580431177444,43.449419568822556,0.0,0.0,0.0,0.0,0.0,0.0,0.0,0.0
View5,joint_difficulty,1,Base,scan12_view11_light3,full_image,large_disp_and_occluded_ge2,1355,19.168027877807617,0.09372693726937269,0.16605166051660517,0.2833948339483395,0.444280442804428,0.5239852398523985,0.5018450184501845,188.0,39.48660659790039,11.114787101745605,59.70479704797048,40.29520295202952,0.0,0.0,0.0,0.0,0.0,0.0,0.0,0.0
View5,joint_difficulty,1,Base+A+B+C,scan12_view11_light3,full_image,full,15869,4.473188400268555,0.7096855504442624,0.7674711702060621,0.853803012162077,0.8457999873968114,0.9301153191757515,0.9369210410233789,188.0,62.0,14.999996185302734,53.683281870313195,46.304114941080094,0.0126031886067175,61.22359577378614,-1.203604511941525,9.168819711386977,0.2709685550444263,7.750960993131272,0.0,5.299640809124706
View5,joint_difficulty,1,Base+A+B+C,scan12_view11_light3,full_image,boundary,1587,14.247632026672363,0.4555765595463138,0.5879017013232514,0.7177063642091998,0.9124133585381222,0.9023314429741651,0.8481411468178954,188.0,62.0,14.999995231628418,49.14933837429111,50.85066162570888,0.0,9.294575053958274,0.25204788909893305,0.1260239445494693,-0.945179584120992,1.7013232514177745,0.0,0.5671077504725952
View5,joint_difficulty,1,Base+A+B+C,scan12_view11_light3,full_image,large_disparity,3174,14.047255516052246,0.029615626969124134,0.09703843730308759,0.42722117202268434,0.22904851921865155,0.6780088216761184,0.7441713925645873,188.0,62.0,14.999995231628418,77.28418399495905,22.71581600504096,0.0,71.9550584534309,-2.5204788909892883,47.794580970384374,-0.09451795841209781,40.23314429741651,0.0,24.795211090107124
View5,joint_difficulty,1,Base+A+B+C,scan12_view11_light3,full_image,occluded_any,2583,13.629207611083984,0.10607820363917925,0.18118466898954705,0.47773906310491676,0.5334881920247774,0.9190863337204801,0.9043747580332946,188.0,62.0,14.99999713897705,58.14943863724351,41.85056136275648,0.0,36.48443499197303,-5.652342237708091,35.81107239643825,-5.807200929152148,33.64305071622146,0.0,12.34998064266357
View5,joint_difficulty,1,Base+A+B+C,scan12_view11_light3,full_image,occluded_majority,1890,15.62435531616211,0.1037037037037037,0.15555555555555556,0.4216931216931217,0.5925925925925926,0.926984126984127,0.8835978835978836,188.0,62.0,14.999996185302734,56.56084656084656,43.439153439153436,0.0,16.323487215464368,-5.132275132275134,28.62433862433863,-7.566137566137565,28.465608465608472,0.0,8.624338624338623
View5,joint_difficulty,1,Base+A+B+C,scan12_view11_light3,full_image,large_disp_and_occluded,1918,12.29090404510498,0.01251303441084463,0.06465067778936393,0.4259645464025026,0.37174139728884253,0.9254431699687174,0.9426485922836287,188.0,62.0,14.999996185302734,62.77372262773723,37.22627737226277,0.0,48.90240422154784,-7.820646506777893,50.938477580813334,-9.749739311783106,47.65380604796663,0.0,13.660062565172055
View5,joint_difficulty,1,Base+A+B+C,scan12_view11_light3,full_image,boundary_and_occluded,658,24.49728012084961,0.3100303951367781,0.3966565349544073,0.5440729483282675,0.8206686930091185,0.817629179331307,0.7310030395136778,188.0,62.0,14.99999713897705,48.17629179331307,51.82370820668692,0.0,5.295319511783456,-1.519756838905778,1.0638297872340496,-1.2158054711246202,3.3434650455926973,0.0,4.863221884498481
View5,joint_difficulty,1,Base+A+B+C,scan12_view11_light3,full_image,occluded_ge2,1809,15.828265190124512,0.0845771144278607,0.13432835820895522,0.4096185737976783,0.5837479270315091,0.9331122166943062,0.8899944720840243,188.0,62.0,14.999995231628418,56.550580431177444,43.449419568822556,0.0,12.920616082662024,-5.638474295190712,29.74018794914317,-8.12603648424544,29.74018794914317,0.0,8.844665561083476
View5,joint_difficulty,1,Base+A+B+C,scan12_view11_light3,full_image,large_disp_and_occluded_ge2,1355,14.197273254394531,0.012546125461254613,0.03025830258302583,0.35571955719557197,0.444280442804428,0.9542435424354243,0.9313653136531366,188.0,62.0,14.999994277954102,59.70479704797048,40.29520295202952,0.0,25.93253022742174,-8.118081180811808,42.95202952029521,-13.579335793357933,43.02583025830258,0.0,7.232472324723249
View5,joint_difficulty,2,Base,scan4_view26_light3,full_image,full,14595,17.052188873291016,0.705858170606372,0.7411442274751627,0.764919492977047,0.8261048304213772,0.8259677971908188,0.7949982870846181,188.0,59.48928451538086,15.158714294433594,62.81603288797534,37.17711545049674,0.006851661527920521,0.0,0.0,0.0,0.0,0.0,0.0,0.0
View5,joint_difficulty,2,Base,scan4_view26_light3,full_image,boundary,1460,51.240238189697266,0.21643835616438356,0.29315068493150687,0.37397260273972605,0.7465753424657534,0.7232876712328767,0.5595890410958904,188.0,60.27711868286133,18.115833282470703,63.630136986301366,36.36986301369863,0.0,0.0,0.0,0.0,0.0,0.0,0.0,0.0
View5,joint_difficulty,2,Base,scan4_view26_light3,full_image,large_disparity,2919,74.0577392578125,0.08393285371702638,0.09352517985611511,0.11613566289825282,0.13052415210688592,0.13634806440561836,0.11647824597464886,188.0,40.774742126464844,10.373321533203125,91.22987324426174,8.770126755738266,0.0,0.0,0.0,0.0,0.0,0.0,0.0,0.0
View5,joint_difficulty,2,Base,scan4_view26_light3,full_image,occluded_any,3610,33.833580017089844,0.35290858725761776,0.4299168975069252,0.49390581717451526,0.631578947368421,0.6321329639889197,0.5720221606648199,188.0,55.43208694458008,14.94034194946289,70.6371191135734,29.362880886426595,0.0,0.0,0.0,0.0,0.0,0.0,0.0,0.0
View5,joint_difficulty,2,Base,scan4_view26_light3,full_image,occluded_majority,1860,42.77943801879883,0.25268817204301075,0.3365591397849462,0.41021505376344086,0.617741935483871,0.6134408602150537,0.5172043010752688,188.0,56.41313934326172,15.838140487670898,72.25806451612902,27.741935483870968,0.0,0.0,0.0,0.0,0.0,0.0,0.0,0.0
View5,joint_difficulty,2,Base,scan4_view26_light3,full_image,large_disp_and_occluded,1643,64.31694030761719,0.10772976262933658,0.12477175897748022,0.16494217894096166,0.1905051734631771,0.20085209981740718,0.16555082166768106,188.0,44.054588317871094,11.884578704833984,86.30553864881315,13.694461351186854,0.0,0.0,0.0,0.0,0.0,0.0,0.0,0.0
View5,joint_difficulty,2,Base,scan4_view26_light3,full_image,boundary_and_occluded,974,61.25810241699219,0.19609856262833675,0.26078028747433263,0.3295687885010267,0.6827515400410678,0.6519507186858317,0.5174537987679672,188.0,60.11859893798828,18.772565841674805,67.5564681724846,32.4435318275154,0.0,0.0,0.0,0.0,0.0,0.0,0.0,0.0
View5,joint_difficulty,2,Base,scan4_view26_light3,full_image,occluded_ge2,1624,41.541378021240234,0.2672413793103448,0.3583743842364532,0.44273399014778325,0.6650246305418719,0.6613300492610837,0.562807881773399,188.0,58.24506378173828,16.536712646484375,70.19704433497537,29.802955665024633,0.0,0.0,0.0,0.0,0.0,0.0,0.0,0.0
View5,joint_difficulty,2,Base,scan4_view26_light3,full_image,large_disp_and_occluded_ge2,763,74.25184631347656,0.1127129750982962,0.1402359108781127,0.1926605504587156,0.2870249017038008,0.2948885976408912,0.21887287024901703,188.0,50.103797912597656,14.704785346984863,74.96723460026212,25.032765399737876,0.0,0.0,0.0,0.0,0.0,0.0,0.0,0.0
View5,joint_difficulty,2,Base+A+B+C,scan4_view26_light3,full_image,full,14595,7.167813777923584,0.7226447413497773,0.7704693388146625,0.8275436793422405,0.8261048304213772,0.9018156903048989,0.8845495032545392,188.0,62.0,14.99999713897705,62.81603288797534,37.17711545049674,0.006851661527920521,57.96543287676933,1.6786570743405282,8.955121616992113,2.9325111339499776,7.584789311408013,0.0,6.262418636519351
View5,joint_difficulty,2,Base+A+B+C,scan4_view26_light3,full_image,boundary,1460,34.39892578125,0.23972602739726026,0.3136986301369863,0.40205479452054793,0.7465753424657534,0.7568493150684932,0.5452054794520548,188.0,62.0,14.99999713897705,63.630136986301366,36.36986301369863,0.0,32.867357770857325,2.32876712328767,-1.4383561643835585,2.0547945205479423,3.356164383561644,0.0,2.8082191780821883
View5,joint_difficulty,2,Base+A+B+C,scan4_view26_light3,full_image,large_disparity,2919,24.97612953186035,0.13874614594039056,0.23706748886605003,0.42754367934224047,0.13052415210688592,0.5220966084275437,0.5954093867762933,188.0,62.0,14.99999713897705,91.22987324426174,8.770126755738266,0.0,66.27478804759008,5.481329222336417,47.893114080164445,14.354230900993493,38.574854402192535,0.0,31.140801644398763
View5,joint_difficulty,2,Base+A+B+C,scan4_view26_light3,full_image,occluded_any,3610,17.998640060424805,0.4033240997229917,0.5049861495844875,0.6371191135734072,0.631578947368421,0.8318559556786703,0.7731301939058172,188.0,62.0,14.999995231628418,70.6371191135734,29.362880886426595,0.0,46.80243695366135,5.041551246537396,20.110803324099724,7.5069252077562325,19.97229916897506,0.0,14.321329639889196
View5,joint_difficulty,2,Base+A+B+C,scan4_view26_light3,full_image,occluded_majority,1860,26.42392921447754,0.3311827956989247,0.4413978494623656,0.5591397849462365,0.617741935483871,0.7940860215053763,0.6913978494623656,188.0,62.0,14.999996185302734,72.25806451612902,27.741935483870968,0.0,38.23217312283085,7.849462365591398,17.419354838709676,10.483870967741938,18.06451612903226,0.0,14.892473118279565
View5,joint_difficulty,2,Base+A+B+C,scan4_view26_light3,full_image,large_disp_and_occluded,1643,30.058719635009766,0.17102860620815583,0.28484479610468655,0.472915398660986,0.1905051734631771,0.6494217894096166,0.6415094339622641,188.0,62.0,14.999995231628418,86.30553864881315,13.694461351186854,0.0,53.26469279906051,6.329884357881925,47.5958612294583,16.007303712720635,44.85696895922094,0.0,30.797321972002432
View5,joint_difficulty,2,Base+A+B+C,scan4_view26_light3,full_image,boundary_and_occluded,974,41.4815559387207,0.22895277207392198,0.2792607802874743,0.37166324435318276,0.6827515400410678,0.7053388090349076,0.5195071868583162,188.0,62.0,14.999996185302734,67.5564681724846,32.4435318275154,0.0,32.28396848411963,3.285420944558523,0.2053388090349051,1.848049281314168,5.338809034907599,0.0,4.2094455852156045
View5,joint_difficulty,2,Base+A+B+C,scan4_view26_light3,full_image,occluded_ge2,1624,27.686614990234375,0.3497536945812808,0.4328817733990148,0.5455665024630542,0.6650246305418719,0.7974137931034483,0.6927339901477833,188.0,62.0,14.999995231628418,70.19704433497537,29.802955665024633,0.0,33.35171747052271,8.2512315270936,12.992610837438423,7.450738916256161,13.608374384236456,0.0,10.28325123152709
View5,joint_difficulty,2,Base+A+B+C,scan4_view26_light3,full_image,large_disp_and_occluded_ge2,763,47.922183990478516,0.17693315858453473,0.2516382699868938,0.37745740498034075,0.2870249017038008,0.5871559633027523,0.5190039318479686,188.0,62.0,14.999996185302734,74.96723460026212,25.032765399737876,0.0,35.45994292430041,6.422018348623854,30.013106159895152,11.14023591087811,29.226736566186112,0.0,18.479685452162514
View3,large_disparity_dominant,1,Base,scan13_view11_light3,full_image,full,15148,14.44637680053711,0.7280829152363348,0.8069712173224188,0.8874438869817798,1.0,0.9741219963031423,0.9314761024557697,188.0,53.16316604614258,16.692142486572266,66.29918141008714,33.70081858991286,0.0,0.0,0.0,0.0,0.0,0.0,0.0,0.0
View3,large_disparity_dominant,1,Base,scan13_view11_light3,full_image,boundary,1515,27.317224502563477,0.19801980198019803,0.39801980198019804,0.7247524752475247,1.0,0.9313531353135314,0.8554455445544554,188.0,65.30736541748047,19.341251373291016,54.587458745874585,45.41254125412541,0.0,0.0,0.0,0.0,0.0,0.0,0.0,0.0
View3,large_disparity_dominant,1,Base,scan13_view11_light3,full_image,large_disparity,3030,5.285770416259766,0.6574257425742575,0.7907590759075908,0.9118811881188119,1.0,0.9927392739273927,0.9765676567656766,188.0,40.58698272705078,14.728754043579102,74.65346534653466,25.346534653465348,0.0,0.0,0.0,0.0,0.0,0.0,0.0,0.0
View3,large_disparity_dominant,1,Base,scan13_view11_light3,full_image,occluded_any,194,9.312317848205566,0.422680412371134,0.6134020618556701,0.9226804123711341,1.0,0.9690721649484536,0.9381443298969072,188.0,66.52864074707031,16.480377197265625,54.63917525773196,45.36082474226804,0.0,0.0,0.0,0.0,0.0,0.0,0.0,0.0
View3,large_disparity_dominant,1,Base,scan13_view11_light3,full_image,occluded_majority,150,10.272591590881348,0.43333333333333335,0.64,0.9133333333333333,1.0,0.96,0.9333333333333333,188.0,66.46415710449219,16.456087112426758,50.66666666666667,49.333333333333336,0.0,0.0,0.0,0.0,0.0,0.0,0.0,0.0
View3,large_disparity_dominant,1,Base,scan13_view11_light3,full_image,large_disp_and_occluded,78,9.427938461303711,0.1282051282051282,0.41025641025641024,0.9487179487179487,1.0,0.9743589743589743,0.9615384615384616,188.0,64.81216430664062,16.107036590576172,65.38461538461539,34.61538461538461,0.0,0.0,0.0,0.0,0.0,0.0,0.0,0.0
View3,large_disparity_dominant,1,Base,scan13_view11_light3,full_image,boundary_and_occluded,190,8.903618812561035,0.41578947368421054,0.6105263157894737,0.9263157894736842,1.0,0.9736842105263158,0.9421052631578948,188.0,66.41498565673828,16.48223876953125,54.736842105263165,45.26315789473684,0.0,0.0,0.0,0.0,0.0,0.0,0.0,0.0
View3,large_disparity_dominant,1,Base,scan13_view11_light3,full_image,occluded_ge2,92,11.736274719238281,0.4891304347826087,0.6086956521739131,0.9021739130434783,1.0,0.9456521739130435,0.9347826086956522,188.0,67.27002716064453,16.675155639648438,48.91304347826087,51.08695652173913,0.0,0.0,0.0,0.0,0.0,0.0,0.0,0.0
View3,large_disparity_dominant,1,Base,scan13_view11_light3,full_image,large_disp_and_occluded_ge2,42,13.986557960510254,0.16666666666666666,0.40476190476190477,0.9047619047619048,1.0,0.9523809523809523,0.9285714285714286,188.0,65.53780364990234,16.198781967163086,59.523809523809526,40.476190476190474,0.0,0.0,0.0,0.0,0.0,0.0,0.0,0.0
View3,large_disparity_dominant,1,Base+A+B+C,scan13_view11_light3,full_image,full,15148,2.554081916809082,0.7669659360971746,0.8482968048587273,0.9566279376815421,1.0,0.9945207288090837,0.9856086612094006,188.0,62.0,14.999998092651367,66.29918141008714,33.70081858991286,0.0,82.32025959122066,3.8883020860839723,5.413255875363088,4.132558753630844,2.0398732505941375,0.0,6.91840506997623
View3,large_disparity_dominant,1,Base+A+B+C,scan13_view11_light3,full_image,boundary,1515,14.442168235778809,0.19537953795379537,0.3914191419141914,0.7333333333333333,1.0,0.9458745874587459,0.864026402640264,188.0,62.0,14.99999713897705,54.587458745874585,45.41254125412541,0.0,47.131641304102686,-0.2640264026402661,0.8580858085808551,-0.6600660066006625,1.4521452145214497,0.0,0.8580858085808551
View3,large_disparity_dominant,1,Base+A+B+C,scan13_view11_light3,full_image,large_disparity,3030,2.0314414501190186,0.8422442244224423,0.900990099009901,0.9584158415841584,1.0,0.9976897689768977,0.9914191419141914,188.0,62.0,15.0,74.65346534653466,25.346534653465348,0.0,61.56773204015782,18.48184818481848,1.4851485148514865,11.023102310231025,0.4950495049504955,0.0,4.653465346534647
View3,large_disparity_dominant,1,Base+A+B+C,scan13_view11_light3,full_image,occluded_any,194,7.386674880981445,0.3865979381443299,0.5773195876288659,0.8865979381443299,1.0,0.9690721649484536,0.9381443298969072,188.0,62.0,14.999995231628418,54.63917525773196,45.36082474226804,0.0,20.678449754538633,-3.6082474226804107,0.0,-3.6082474226804218,0.0,0.0,-3.6082474226804218
View3,large_disparity_dominant,1,Base+A+B+C,scan13_view11_light3,full_image,occluded_majority,150,8.024526596069336,0.3466666666666667,0.54,0.8733333333333333,1.0,0.9666666666666667,0.9333333333333333,188.0,62.0,14.99999713897705,50.66666666666667,49.333333333333336,0.0,21.884107578145592,-8.666666666666668,0.0,-9.999999999999998,0.666666666666671,0.0,-4.0000000000000036
View3,large_disparity_dominant,1,Base+A+B+C,scan13_view11_light3,full_image,large_disp_and_occluded,78,6.172054290771484,0.47435897435897434,0.6923076923076923,0.8846153846153846,1.0,0.9871794871794872,0.9615384615384616,188.0,62.0,14.99999713897705,65.38461538461539,34.61538461538461,0.0,34.53442323468452,34.61538461538461,0.0,28.205128205128204,1.2820512820512886,0.0,-6.41025641025641
View3,large_disparity_dominant,1,Base+A+B+C,scan13_view11_light3,full_image,boundary_and_occluded,190,7.074952602386475,0.38421052631578945,0.5736842105263158,0.8894736842105263,1.0,0.9736842105263158,0.9421052631578948,188.0,62.0,14.999996185302734,54.736842105263165,45.26315789473684,0.0,20.538460244891855,-3.1578947368421098,0.0,-3.68421052631579,0.0,0.0,-3.68421052631579
View3,large_disparity_dominant,1,Base+A+B+C,scan13_view11_light3,full_image,occluded_ge2,92,10.066691398620605,0.3695652173913043,0.5217391304347826,0.8478260869565217,1.0,0.9565217391304348,0.9021739130434783,188.0,62.0,14.999994277954102,48.91304347826087,51.08695652173913,0.0,14.225837078275521,-11.956521739130437,-3.2608695652173947,-8.695652173913048,1.0869565217391353,0.0,-5.434782608695654
View3,large_disparity_dominant,1,Base+A+B+C,scan13_view11_light3,full_image,large_disp_and_occluded_ge2,42,8.9689359664917,0.40476190476190477,0.6428571428571429,0.8333333333333334,1.0,0.9761904761904762,0.9285714285714286,188.0,62.0,14.999995231628418,59.523809523809526,40.476190476190474,0.0,35.87460194413339,23.80952380952381,0.0,23.809523809523814,2.3809523809523836,0.0,-7.14285714285714
View3,large_disparity_dominant,2,Base,scan34_view18_light3,full_image,full,19537,10.301804542541504,0.7931105082663664,0.8557608640016379,0.8685059118595485,0.8690689461022675,0.8736244049751754,0.8716281926600808,188.0,59.594058990478516,15.252975463867188,64.81547832318165,35.16916619747146,0.01535547934688028,0.0,0.0,0.0,0.0,0.0,0.0,0.0
View3,large_disparity_dominant,2,Base,scan34_view18_light3,full_image,boundary,1954,20.232101440429688,0.627942681678608,0.7374616171954964,0.7922210849539406,0.8746161719549642,0.876663254861822,0.8567041965199591,188.0,60.95712661743164,17.484926223754883,54.70829068577277,45.29170931422723,0.0,0.0,0.0,0.0,0.0,0.0,0.0,0.0
View3,large_disparity_dominant,2,Base,scan34_view18_light3,full_image,large_disparity,3908,47.719844818115234,0.27456499488229275,0.3477482088024565,0.3725690890481064,0.34544524053224157,0.3687308085977482,0.3664278403275333,188.0,42.03074264526367,12.040143966674805,80.0921187308086,19.907881269191403,0.0,0.0,0.0,0.0,0.0,0.0,0.0,0.0
View3,large_disparity_dominant,2,Base,scan34_view18_light3,full_image,occluded_any,1190,62.37941360473633,0.11260504201680673,0.1957983193277311,0.2596638655462185,0.32184873949579834,0.32941176470588235,0.31512605042016806,188.0,46.753170013427734,14.68005657196045,85.54621848739495,14.453781512605044,0.0,0.0,0.0,0.0,0.0,0.0,0.0,0.0
View3,large_disparity_dominant,2,Base,scan34_view18_light3,full_image,occluded_majority,541,78.230224609375,0.11460258780036968,0.17005545286506468,0.2033271719038817,0.25508317929759705,0.2587800369685767,0.2513863216266174,188.0,47.91582107543945,16.893461227416992,84.28835489833642,15.711645101663585,0.0,0.0,0.0,0.0,0.0,0.0,0.0,0.0
View3,large_disparity_dominant,2,Base,scan34_view18_light3,full_image,large_disp_and_occluded,870,82.63127136230469,0.03218390804597701,0.047126436781609195,0.059770114942528735,0.07241379310344828,0.08275862068965517,0.07471264367816093,188.0,40.14396286010742,13.550667762756348,93.2183908045977,6.781609195402299,0.0,0.0,0.0,0.0,0.0,0.0,0.0,0.0
View3,large_disparity_dominant,2,Base,scan34_view18_light3,full_image,boundary_and_occluded,450,67.74861145019531,0.18666666666666668,0.2733333333333333,0.37333333333333335,0.5511111111111111,0.5644444444444444,0.5266666666666666,188.0,55.50763702392578,20.967634201049805,70.88888888888889,29.11111111111111,0.0,0.0,0.0,0.0,0.0,0.0,0.0,0.0
View3,large_disparity_dominant,2,Base,scan34_view18_light3,full_image,occluded_ge2,442,79.3214111328125,0.06108597285067873,0.11764705882352941,0.1583710407239819,0.2081447963800905,0.2081447963800905,0.20135746606334842,188.0,48.1815071105957,16.256441116333008,85.29411764705883,14.705882352941178,0.0,0.0,0.0,0.0,0.0,0.0,0.0,0.0
View3,large_disparity_dominant,2,Base,scan34_view18_light3,full_image,large_disp_and_occluded_ge2,353,97.15892028808594,0.0,0.0,0.0028328611898017,0.0084985835694051,0.0084985835694051,0.0056657223796034,188.0,43.949859619140625,15.722274780273438,91.78470254957507,8.21529745042493,0.0,0.0,0.0,0.0,0.0,0.0,0.0,0.0
View3,large_disparity_dominant,2,Base+A+B+C,scan34_view18_light3,full_image,full,19537,2.568594217300415,0.8461892818754159,0.9264472539284435,0.9515790551261708,0.8690689461022675,0.9347392127757588,0.9505553565030455,188.0,62.0,14.99999713897705,64.81547832318165,35.16916619747146,0.01535547934688028,75.06656036140703,5.3078773609049446,7.892716384296461,7.068638992680565,6.111480780058343,0.0,8.30731432666223
View3,large_disparity_dominant,2,Base+A+B+C,scan34_view18_light3,full_image,boundary,1954,12.366617202758789,0.6376663254861822,0.7620266120777891,0.8300921187308086,0.8746161719549642,0.9083930399181167,0.8741044012282497,188.0,62.0,14.999996185302734,54.70829068577277,45.29170931422723,0.0,38.876259398113476,0.9723643807574178,1.7400204708290623,2.456499488229269,3.1729785056294757,0.0,3.7871033776867957
View3,large_disparity_dominant,2,Base+A+B+C,scan34_view18_light3,full_image,large_disparity,3908,9.696738243103027,0.41069600818833163,0.6893551688843398,0.785568065506653,0.34544524053224157,0.6750255885363358,0.7648413510747185,188.0,62.0,14.999996185302734,80.0921187308086,19.907881269191403,0.0,79.67986216203707,13.613101330603888,39.841351074718524,34.16069600818833,30.629477993858757,0.0,41.299897645854664
View3,large_disparity_dominant,2,Base+A+B+C,scan34_view18_light3,full_image,occluded_any,1190,20.1446533203125,0.33949579831932775,0.5394957983193277,0.6369747899159663,0.32184873949579834,0.5890756302521009,0.6428571428571429,188.0,62.0,14.99999713897705,85.54621848739495,14.453781512605044,0.0,67.70624769261543,22.689075630252102,32.77310924369748,34.36974789915966,25.966386554621852,0.0,37.731092436974784
View3,large_disparity_dominant,2,Base+A+B+C,scan34_view18_light3,full_image,occluded_majority,541,35.59063720703125,0.1977818853974122,0.37707948243992606,0.5009242144177449,0.25508317929759705,0.5101663585951941,0.5304990757855823,188.0,62.0,14.999998092651367,84.28835489833642,15.711645101663585,0.0,54.50526010279904,8.317929759704253,27.91127541589649,20.70240295748614,25.13863216266174,0.0,29.75970425138632
View3,large_disparity_dominant,2,Base+A+B+C,scan34_view18_light3,full_image,large_disp_and_occluded,870,25.184837341308594,0.25287356321839083,0.4827586206896552,0.5827586206896552,0.07241379310344828,0.44022988505747124,0.5459770114942529,188.0,62.0,14.999995231628418,93.2183908045977,6.781609195402299,0.0,69.52142097525854,22.06896551724138,47.1264367816092,43.5632183908046,35.747126436781606,0.0,52.29885057471265
View3,large_disparity_dominant,2,Base+A+B+C,scan34_view18_light3,full_image,boundary_and_occluded,450,39.86587142944336,0.2511111111111111,0.35555555555555557,0.4688888888888889,0.5511111111111111,0.6733333333333333,0.5866666666666667,188.0,62.0,14.999995231628418,70.88888888888889,29.11111111111111,0.0,41.15617932811754,6.444444444444445,6.000000000000005,8.222222222222225,10.888888888888893,0.0,9.555555555555555
View3,large_disparity_dominant,2,Base+A+B+C,scan34_view18_light3,full_image,occluded_ge2,442,35.76575469970703,0.16968325791855204,0.3597285067873303,0.497737556561086,0.2081447963800905,0.49547511312217196,0.5158371040723982,188.0,62.0,14.999998092651367,85.29411764705883,14.705882352941178,0.0,54.910339857894954,10.85972850678733,31.447963800904983,24.20814479638009,28.733031674208142,0.0,33.93665158371041
View3,large_disparity_dominant,2,Base+A+B+C,scan34_view18_light3,full_image,large_disp_and_occluded_ge2,353,42.76838302612305,0.08781869688385269,0.29745042492917845,0.4475920679886686,0.0084985835694051,0.37110481586402266,0.43342776203966005,188.0,62.0,14.99999713897705,91.78470254957507,8.21529745042493,0.0,55.98100215676491,8.78186968838527,42.77620396600567,29.745042492917843,36.26062322946176,0.0,44.47592067988669
View3,occlusion_dominant,1,Base,scan12_view14_light3,full_image,full,19529,21.08406639099121,0.6600952429719904,0.6825746325976753,0.704951610425521,0.706334169696349,0.7076143171693379,0.7023401095806237,188.0,56.31446075439453,14.005456924438477,52.26074043729838,47.739259562701626,0.0,0.0,0.0,0.0,0.0,0.0,0.0,0.0
View3,occlusion_dominant,1,Base,scan12_view14_light3,full_image,boundary,1953,79.38472747802734,0.10957501280081926,0.14336917562724014,0.17972350230414746,0.2867383512544803,0.2672811059907834,0.22427035330261136,188.0,46.96062088012695,12.335518836975098,77.8289810547875,22.17101894521249,0.0,0.0,0.0,0.0,0.0,0.0,0.0,0.0
View3,occlusion_dominant,1,Base,scan12_view14_light3,full_image,large_disparity,3906,82.5206527709961,0.0010240655401945725,0.002560163850486431,0.006144393241167435,0.002560163850486431,0.0028161802355350742,0.0015360983102918587,188.0,36.33150863647461,8.337800979614258,98.46390168970814,1.5360983102918586,0.0,0.0,0.0,0.0,0.0,0.0,0.0,0.0
View3,occlusion_dominant,1,Base,scan12_view14_light3,full_image,occluded_any,3504,38.11916732788086,0.09389269406392695,0.14098173515981735,0.21432648401826485,0.1558219178082192,0.16723744292237444,0.15154109589041095,188.0,43.22560501098633,10.513296127319336,73.8013698630137,26.1986301369863,0.0,0.0,0.0,0.0,0.0,0.0,0.0,0.0
View3,occlusion_dominant,1,Base,scan12_view14_light3,full_image,occluded_majority,2735,35.95333480834961,0.08994515539305302,0.14478976234003657,0.23254113345521024,0.14917733089579524,0.16380255941499086,0.14844606946983546,188.0,43.78828430175781,10.578269004821777,69.68921389396709,30.310786106032907,0.0,0.0,0.0,0.0,0.0,0.0,0.0,0.0
View3,occlusion_dominant,1,Base,scan12_view14_light3,full_image,large_disp_and_occluded,1129,52.29896545410156,0.00354295837023915,0.008857395925597875,0.021257750221434897,0.008857395925597875,0.00974313551815766,0.005314437555358724,188.0,39.5631217956543,9.16702651977539,94.68556244464128,5.314437555358724,0.0,0.0,0.0,0.0,0.0,0.0,0.0,0.0
View3,occlusion_dominant,1,Base,scan12_view14_light3,full_image,boundary_and_occluded,678,47.47922897338867,0.17256637168141592,0.22713864306784662,0.29056047197640117,0.42920353982300885,0.39085545722713866,0.32448377581120946,188.0,55.09696578979492,14.926715850830078,61.6519174041298,38.34808259587021,0.0,0.0,0.0,0.0,0.0,0.0,0.0,0.0
View3,occlusion_dominant,1,Base,scan12_view14_light3,full_image,occluded_ge2,2205,32.3521614074707,0.07981859410430839,0.13197278911564625,0.22403628117913832,0.13696145124716552,0.1414965986394558,0.1287981859410431,188.0,42.42112731933594,10.195630073547363,71.20181405895691,28.798185941043087,0.0,0.0,0.0,0.0,0.0,0.0,0.0,0.0
View3,occlusion_dominant,1,Base,scan12_view14_light3,full_image,large_disp_and_occluded_ge2,313,38.46418380737305,0.0,0.0,0.0,0.0,0.0,0.0,188.0,35.16114044189453,8.092445373535156,100.0,0.0,0.0,0.0,0.0,0.0,0.0,0.0,0.0,0.0
View3,occlusion_dominant,1,Base+A+B+C,scan12_view14_light3,full_image,full,19529,7.607433319091797,0.6786317783808695,0.7206718213938246,0.8043422602283783,0.706334169696349,0.8656357212350863,0.8966152900814174,188.0,62.0,14.99999713897705,52.26074043729838,47.739259562701626,0.0,63.91856685510013,1.8536535408879118,19.427518050079374,3.8097188796149317,15.80214040657484,0.0,9.939064980285728
View3,occlusion_dominant,1,Base+A+B+C,scan12_view14_light3,full_image,boundary,1953,33.35785675048828,0.11367127496159754,0.16026625704045058,0.27547363031234,0.2867383512544803,0.4091141833077317,0.3538146441372248,188.0,62.0,14.999996185302734,77.8289810547875,22.17101894521249,0.0,57.97950335003505,0.4096262160778283,12.954429083461344,1.6897081413210446,14.183307731694828,0.0,9.575012800819255
View3,occlusion_dominant,1,Base+A+B+C,scan12_view14_light3,full_image,large_disparity,3906,17.601642608642578,0.07347670250896057,0.1674347158218126,0.43420378904249873,0.002560163850486431,0.3996415770609319,0.6088069636456733,188.0,62.0,14.999996185302734,98.46390168970814,1.5360983102918586,0.0,78.67001530212191,7.2452636968765995,60.72708653353814,16.48745519713262,39.682539682539684,0.0,42.80593958013313
View3,occlusion_dominant,1,Base+A+B+C,scan12_view14_light3,full_image,occluded_any,3504,23.1318359375,0.11786529680365297,0.20034246575342465,0.4480593607305936,0.1558219178082192,0.9172374429223744,0.8761415525114156,188.0,62.0,14.999995231628418,73.8013698630137,26.1986301369863,0.0,39.31704819643038,2.3972602739726026,72.46004566210046,5.93607305936073,75.0,0.0,23.373287671232877
View3,occlusion_dominant,1,Base+A+B+C,scan12_view14_light3,full_image,occluded_majority,2735,25.92829704284668,0.11444241316270566,0.1882998171846435,0.46398537477148083,0.14917733089579524,0.9045703839122486,0.8548446069469835,188.0,62.0,14.99999713897705,69.68921389396709,30.310786106032907,0.0,27.88347122441273,2.449725776965264,70.6398537477148,4.351005484460694,74.07678244972577,0.0,23.14442413162706
View3,occlusion_dominant,1,Base+A+B+C,scan12_view14_light3,full_image,large_disp_and_occluded,1129,17.961307525634766,0.08060230292294066,0.1824623560673162,0.54207263064659,0.008857395925597875,0.9362267493356953,0.9309123117803366,188.0,62.0,14.999996185302734,94.68556244464128,5.314437555358724,0.0,65.65647643374915,7.705934455270151,92.55978742249779,17.360496014171833,92.64836138175376,0.0,52.0814880425155
View3,occlusion_dominant,1,Base+A+B+C,scan12_view14_light3,full_image,boundary_and_occluded,678,36.6996955871582,0.168141592920354,0.23303834808259588,0.4528023598820059,0.42920353982300885,0.8156342182890856,0.6740412979351033,188.0,62.0,14.999995231628418,61.6519174041298,38.34808259587021,0.0,22.70368247191255,-0.4424778761061926,34.95575221238938,0.5899705014749262,42.47787610619469,0.0,16.224188790560472
View3,occlusion_dominant,1,Base+A+B+C,scan12_view14_light3,full_image,occluded_ge2,2205,22.974172592163086,0.11292517006802721,0.18956916099773244,0.4580498866213152,0.13696145124716552,0.9238095238095239,0.8702947845804989,188.0,62.0,14.999996185302734,71.20181405895691,28.798185941043087,0.0,28.98720953197912,3.3106575963718825,74.14965986394559,5.759637188208619,78.2312925170068,0.0,23.401360544217688
View3,occlusion_dominant,1,Base+A+B+C,scan12_view14_light3,full_image,large_disp_and_occluded_ge2,313,5.832308769226074,0.1597444089456869,0.26517571884984026,0.7763578274760383,0.0,1.0,1.0,188.0,62.0,14.99999713897705,100.0,0.0,0.0,84.83704009310578,15.974440894568689,100.0,26.517571884984026,100.0,0.0,77.63578274760383
View3,occlusion_dominant,2,Base,scan4_view13_light3,full_image,full,17411,10.875584602355957,0.7244270863247373,0.7678479122393889,0.7989776578025386,0.8654873355924415,0.8662914249612315,0.8380334271437597,188.0,59.99535369873047,15.656278610229492,62.167595198437766,37.826661306070875,0.0057434954913560396,0.0,0.0,0.0,0.0,0.0,0.0,0.0
View3,occlusion_dominant,2,Base,scan4_view13_light3,full_image,boundary,1742,30.964126586914062,0.27784156142365096,0.3949483352468427,0.5005740528128588,0.883467278989667,0.8277841561423651,0.6716417910447762,188.0,62.316314697265625,19.181591033935547,58.66819747416763,41.33180252583238,0.0,0.0,0.0,0.0,0.0,0.0,0.0,0.0
View3,occlusion_dominant,2,Base,scan4_view13_light3,full_image,large_disparity,3483,41.580169677734375,0.1323571633649153,0.1834625322997416,0.24806201550387597,0.3275911570485214,0.3496985357450474,0.32271030720643124,188.0,42.3342399597168,12.206605911254883,82.17054263565892,17.829457364341085,0.0,0.0,0.0,0.0,0.0,0.0,0.0,0.0
View3,occlusion_dominant,2,Base,scan4_view13_light3,full_image,occluded_any,3700,19.584545135498047,0.5135135135135135,0.5948648648648649,0.6656756756756756,0.9086486486486487,0.8835135135135135,0.8121621621621622,188.0,61.4704704284668,17.916961669921875,62.0,37.972972972972975,0.02702702702702703,0.0,0.0,0.0,0.0,0.0,0.0,0.0
View3,occlusion_dominant,2,Base,scan4_view13_light3,full_image,occluded_majority,2381,23.623037338256836,0.47921041579168416,0.5543889122217556,0.6169676606467871,0.9004619907601848,0.863922721545569,0.7765644687106258,188.0,61.300445556640625,18.529144287109375,66.19067618647627,33.809323813523726,0.0,0.0,0.0,0.0,0.0,0.0,0.0,0.0
View3,occlusion_dominant,2,Base,scan4_view13_light3,full_image,large_disp_and_occluded,1130,42.26356887817383,0.22743362831858407,0.28407079646017697,0.3407079646017699,0.7008849557522124,0.6592920353982301,0.5619469026548672,188.0,52.100608825683594,17.61601448059082,70.0,30.0,0.0,0.0,0.0,0.0,0.0,0.0,0.0,0.0
View3,occlusion_dominant,2,Base,scan4_view13_light3,full_image,boundary_and_occluded,1114,38.32735061645508,0.23429084380610413,0.34290843806104127,0.44344703770197486,0.848294434470377,0.7755834829443446,0.6427289048473968,188.0,62.070228576660156,20.069965362548828,61.22082585278277,38.77917414721723,0.0,0.0,0.0,0.0,0.0,0.0,0.0,0.0
View3,occlusion_dominant,2,Base,scan4_view13_light3,full_image,occluded_ge2,2166,22.943740844726562,0.5083102493074793,0.574792243767313,0.6394275161588181,0.9039704524469068,0.8698060941828255,0.7830101569713758,188.0,61.88151550292969,18.72503662109375,65.42012927054478,34.579870729455216,0.0,0.0,0.0,0.0,0.0,0.0,0.0,0.0
View3,occlusion_dominant,2,Base,scan4_view13_light3,full_image,large_disp_and_occluded_ge2,756,43.993629455566406,0.2830687830687831,0.3373015873015873,0.38756613756613756,0.7248677248677249,0.6666666666666666,0.5674603174603174,188.0,53.892738342285156,18.478435516357422,68.91534391534393,31.084656084656086,0.0,0.0,0.0,0.0,0.0,0.0,0.0,0.0
View3,occlusion_dominant,2,Base+A+B+C,scan4_view13_light3,full_image,full,17411,3.9301116466522217,0.7652059043133651,0.8444661420940784,0.902532881511688,0.8654873355924415,0.958187352822928,0.9502613290448567,188.0,62.0,14.999996185302734,62.167595198437766,37.826661306070875,0.0057434954913560396,63.86298493047584,4.077881798862782,11.222790190109698,7.661822985468958,9.189592786169653,0.0,10.355522370914938
View3,occlusion_dominant,2,Base+A+B+C,scan4_view13_light3,full_image,boundary,1742,20.478452682495117,0.2893226176808266,0.4288174512055109,0.5516647531572905,0.883467278989667,0.8794489092996556,0.7095292766934558,188.0,62.0,14.999995231628418,58.66819747416763,41.33180252583238,0.0,33.863942116973384,1.148105625717566,3.788748564867961,3.3869115958668203,5.166475315729047,0.0,5.109070034443164
View3,occlusion_dominant,2,Base+A+B+C,scan4_view13_light3,full_image,large_disparity,3483,9.085180282592773,0.32529428653459663,0.5578524260694804,0.7660063163939133,0.3275911570485214,0.8099339649727246,0.899511915015791,188.0,62.0,14.999995231628418,82.17054263565892,17.829457364341085,0.0,78.15020873409816,19.293712316968133,57.68016078093597,37.43898937697387,46.023542922767724,0.0,51.794430089003725
View3,occlusion_dominant,2,Base+A+B+C,scan4_view13_light3,full_image,occluded_any,3700,10.72221851348877,0.5516216216216216,0.6424324324324324,0.7264864864864865,0.9086486486486487,0.9327027027027027,0.8778378378378379,188.0,62.0,14.999996185302734,62.0,37.972972972972975,0.02702702702702703,45.25163367693351,3.8108108108108163,6.567567567567567,4.756756756756753,4.918918918918925,0.0,6.081081081081086
View3,occlusion_dominant,2,Base+A+B+C,scan4_view13_light3,full_image,occluded_majority,2381,13.301043510437012,0.5157496850062999,0.5993280134397312,0.6858462830743385,0.9004619907601848,0.9139017219655607,0.8475430491390172,188.0,62.0,14.99999713897705,66.19067618647627,33.809323813523726,0.0,43.69460912252655,3.6539269214615757,7.097858042839144,4.493910121797562,4.99790004199917,0.0,6.887862242755139
View3,occlusion_dominant,2,Base+A+B+C,scan4_view13_light3,full_image,large_disp_and_occluded,1130,19.48042106628418,0.28761061946902655,0.40176991150442476,0.5327433628318584,0.7008849557522124,0.8168141592920354,0.8185840707964602,188.0,62.0,14.999996185302734,70.0,30.0,0.0,53.907297506187525,6.017699115044247,25.663716814159297,11.76991150442478,15.752212389380526,0.0,19.203539823008853
View3,occlusion_dominant,2,Base+A+B+C,scan4_view13_light3,full_image,boundary_and_occluded,1114,23.581804275512695,0.2621184919210054,0.3976660682226212,0.5287253141831239,0.848294434470377,0.8590664272890485,0.7064631956912029,188.0,62.0,14.999996185302734,61.22082585278277,38.77917414721723,0.0,38.47264708824324,2.7827648114901264,6.373429084380611,5.475763016157992,8.348294434470382,0.0,8.527827648114899
View3,occlusion_dominant,2,Base+A+B+C,scan4_view13_light3,full_image,occluded_ge2,2166,13.657769203186035,0.543859649122807,0.6172668513388735,0.6837488457987073,0.9039704524469068,0.9155124653739612,0.84533702677747,188.0,62.0,14.999996185302734,65.42012927054478,34.579870729455216,0.0,40.4727882187304,3.5549399815327787,6.232686980609426,4.247460757156052,4.570637119113574,0.0,4.432132963988922
View3,occlusion_dominant,2,Base+A+B+C,scan4_view13_light3,full_image,large_disp_and_occluded_ge2,756,24.641237258911133,0.328042328042328,0.41005291005291006,0.4973544973544973,0.7248677248677249,0.7896825396825397,0.7751322751322751,188.0,62.0,14.999995231628418,68.91534391534393,31.084656084656086,0.0,43.98907850101616,4.497354497354494,20.767195767195766,7.275132275132274,12.301587301587302,0.0,10.978835978835978
View3,joint_difficulty,1,Base,scan4_view26_light3,full_image,full,14595,18.03211784362793,0.7086673518328195,0.7408016443987667,0.76293251113395,0.8261048304213772,0.8227475162726962,0.7945871873929428,188.0,60.354026794433594,15.41834545135498,60.57553956834533,39.42446043165468,0.0,0.0,0.0,0.0,0.0,0.0,0.0,0.0
View3,joint_difficulty,1,Base,scan4_view26_light3,full_image,boundary,1460,56.5294303894043,0.19452054794520549,0.2678082191780822,0.34657534246575344,0.7465753424657534,0.7013698630136986,0.5575342465753425,188.0,60.94431686401367,19.29435920715332,65.06849315068493,34.93150684931507,0.0,0.0,0.0,0.0,0.0,0.0,0.0,0.0
View3,joint_difficulty,1,Base,scan4_view26_light3,full_image,large_disparity,2919,78.25493621826172,0.07879410757108599,0.09763617677286741,0.11990407673860912,0.13052415210688592,0.1209318259677972,0.11887632750942104,188.0,45.268680572509766,11.227365493774414,88.38643371017471,11.613566289825282,0.0,0.0,0.0,0.0,0.0,0.0,0.0,0.0
View3,joint_difficulty,1,Base,scan4_view26_light3,full_image,occluded_any,3610,36.9167594909668,0.36814404432132963,0.42686980609418285,0.4900277008310249,0.631578947368421,0.6202216066481995,0.5742382271468144,188.0,56.963157653808594,15.726290702819824,61.911357340720215,38.088642659279785,0.0,0.0,0.0,0.0,0.0,0.0,0.0,0.0
View3,joint_difficulty,1,Base,scan4_view26_light3,full_image,occluded_majority,1860,48.31963348388672,0.28817204301075267,0.34408602150537637,0.41451612903225804,0.617741935483871,0.5940860215053764,0.5284946236559139,188.0,58.98567581176758,17.086807250976562,63.064516129032256,36.935483870967744,0.0,0.0,0.0,0.0,0.0,0.0,0.0,0.0
View3,joint_difficulty,1,Base,scan4_view26_light3,full_image,large_disp_and_occluded,1643,71.02210998535156,0.10042604990870359,0.13268411442483263,0.17163724893487523,0.1905051734631771,0.17346317711503348,0.16981132075471697,188.0,47.69889450073242,13.205198287963867,81.43639683505782,18.56360316494218,0.0,0.0,0.0,0.0,0.0,0.0,0.0,0.0
View3,joint_difficulty,1,Base,scan4_view26_light3,full_image,boundary_and_occluded,974,68.04837036132812,0.1735112936344969,0.22792607802874743,0.30184804928131415,0.6827515400410678,0.6232032854209446,0.5236139630390144,188.0,60.79213333129883,20.057968139648438,65.91375770020534,34.08624229979466,0.0,0.0,0.0,0.0,0.0,0.0,0.0,0.0
View3,joint_difficulty,1,Base,scan4_view26_light3,full_image,occluded_ge2,1624,48.03195571899414,0.30972906403940886,0.3682266009852217,0.4482758620689655,0.6650246305418719,0.6391625615763546,0.5738916256157636,188.0,61.233306884765625,17.997936248779297,60.529556650246306,39.470443349753694,0.0,0.0,0.0,0.0,0.0,0.0,0.0,0.0
View3,joint_difficulty,1,Base,scan4_view26_light3,full_image,large_disp_and_occluded_ge2,763,89.51053619384766,0.10091743119266056,0.14285714285714285,0.19790301441677588,0.2870249017038008,0.23853211009174313,0.22804718217562253,188.0,57.38608932495117,17.493019104003906,75.88466579292268,24.11533420707733,0.0,0.0,0.0,0.0,0.0,0.0,0.0,0.0
View3,joint_difficulty,1,Base+A+B+C,scan4_view26_light3,full_image,full,14595,7.5576701164245605,0.7263446385748544,0.7743747858855773,0.8208290510448784,0.8261048304213772,0.9014731072285029,0.8752997601918465,188.0,62.0,14.999996185302734,60.57553956834533,39.42446043165468,0.0,58.08772889594197,1.7677286742034948,8.071257279890375,3.3573141486810565,7.872559095580678,0.0,5.789653991092836
View3,joint_difficulty,1,Base+A+B+C,scan4_view26_light3,full_image,boundary,1460,35.11541748046875,0.2328767123287671,0.31575342465753425,0.3863013698630137,0.7465753424657534,0.7520547945205479,0.5095890410958904,188.0,62.0,14.99999713897705,65.06849315068493,34.93150684931507,0.0,37.881175807759995,3.8356164383561624,-4.794520547945202,4.794520547945208,5.068493150684928,0.0,3.9726027397260277
View3,joint_difficulty,1,Base+A+B+C,scan4_view26_light3,full_image,large_disparity,2919,25.70134735107422,0.1589585474477561,0.2586502226789997,0.40459061322370676,0.13052415210688592,0.5231243576567317,0.5604659129838986,188.0,62.0,14.99999713897705,88.38643371017471,11.613566289825282,0.0,67.15689949655022,8.01644398766701,44.15895854744776,16.101404590613228,40.21925316889345,0.0,28.46865364850977
View3,joint_difficulty,1,Base+A+B+C,scan4_view26_light3,full_image,occluded_any,3610,18.58574104309082,0.39362880886426593,0.496398891966759,0.5966759002770083,0.631578947368421,0.8332409972299168,0.745983379501385,188.0,62.0,14.999995231628418,61.911357340720215,38.088642659279785,0.0,49.655004124512644,2.5484764542936302,17.174515235457065,6.952908587257617,21.301939058171737,0.0,10.664819944598342
View3,joint_difficulty,1,Base+A+B+C,scan4_view26_light3,full_image,occluded_majority,1860,26.048559188842773,0.30376344086021506,0.3924731182795699,0.4854838709677419,0.617741935483871,0.7994623655913978,0.6559139784946236,188.0,62.0,14.999996185302734,63.064516129032256,36.935483870967744,0.0,46.09114906153157,1.5591397849462396,12.74193548387097,4.8387096774193505,20.537634408602145,0.0,7.096774193548389
View3,joint_difficulty,1,Base+A+B+C,scan4_view26_light3,full_image,large_disp_and_occluded,1643,30.193683624267578,0.16859403530127814,0.27693244065733413,0.40109555690809495,0.1905051734631771,0.6512477175897748,0.5952525867315885,188.0,62.0,14.999995231628418,81.43639683505782,18.56360316494218,0.0,57.48692395861644,6.816798539257456,42.54412659768716,14.42483262325015,47.77845404747414,0.0,22.94583079732197
View3,joint_difficulty,1,Base+A+B+C,scan4_view26_light3,full_image,boundary_and_occluded,974,41.35292434692383,0.21149897330595482,0.28234086242299794,0.3521560574948665,0.6827515400410678,0.7084188911704312,0.48254620123203285,188.0,62.0,14.999996185302734,65.91375770020534,34.08624229979466,0.0,39.230103340689716,3.7987679671457912,-4.106776180698157,5.441478439425051,8.521560574948662,0.0,5.0308008213552355
View3,joint_difficulty,1,Base+A+B+C,scan4_view26_light3,full_image,occluded_ge2,1624,26.826251983642578,0.32450738916256155,0.40948275862068967,0.49014778325123154,0.6650246305418719,0.8041871921182266,0.6570197044334976,188.0,62.0,14.999995231628418,60.529556650246306,39.470443349753694,0.0,44.149157405568246,1.4778325123152691,8.312807881773399,4.125615763546797,16.5024630541872,0.0,4.187192118226601
View3,joint_difficulty,1,Base+A+B+C,scan4_view26_light3,full_image,large_disp_and_occluded_ge2,763,45.49446487426758,0.1258191349934469,0.1913499344692005,0.25557011795543905,0.2870249017038008,0.5963302752293578,0.4442988204456094,188.0,62.0,14.999996185302734,75.88466579292268,24.11533420707733,0.0,49.174179031010475,2.4901703800786352,21.62516382699869,4.849279161205766,35.77981651376147,0.0,5.7667103538663165
View3,joint_difficulty,2,Base,scan75_view37_light3,full_image,full,9871,27.33210563659668,0.6037888765069395,0.6530240097254584,0.6766285077499746,0.7819876405632661,0.7539256407658799,0.7083375544524364,188.0,57.817901611328125,15.141246795654297,70.9148009320231,29.0851990679769,0.0,0.0,0.0,0.0,0.0,0.0,0.0,0.0
View3,joint_difficulty,2,Base,scan75_view37_light3,full_image,boundary,988,65.95259857177734,0.1791497975708502,0.23582995951417005,0.3066801619433198,0.7864372469635628,0.6356275303643725,0.48582995951417,188.0,62.63936996459961,19.416366577148438,59.210526315789465,40.78947368421053,0.0,0.0,0.0,0.0,0.0,0.0,0.0,0.0
View3,joint_difficulty,2,Base,scan75_view37_light3,full_image,large_disparity,1975,86.42037963867188,0.002531645569620253,0.011645569620253165,0.018734177215189874,0.004556962025316456,0.011139240506329114,0.0060759493670886075,188.0,36.497310638427734,9.477245330810547,95.74683544303797,4.253164556962026,0.0,0.0,0.0,0.0,0.0,0.0,0.0,0.0
View3,joint_difficulty,2,Base,scan75_view37_light3,full_image,occluded_any,3265,60.10649108886719,0.2523736600306279,0.29494640122511484,0.3225114854517611,0.5038284839203675,0.41837672281776417,0.34885145482388974,188.0,50.16171646118164,13.70244026184082,72.09800918836142,27.901990811638587,0.0,0.0,0.0,0.0,0.0,0.0,0.0,0.0
View3,joint_difficulty,2,Base,scan75_view37_light3,full_image,occluded_majority,1897,71.99278259277344,0.1312598840274117,0.16921454928835003,0.19609910384818133,0.45598313125988404,0.3120716921454929,0.2235108065366368,188.0,49.80877685546875,13.852534294128418,71.79757511860832,28.202424881391668,0.0,0.0,0.0,0.0,0.0,0.0,0.0,0.0
View3,joint_difficulty,2,Base,scan75_view37_light3,full_image,large_disp_and_occluded,1512,82.65413665771484,0.0033068783068783067,0.01521164021164021,0.02447089947089947,0.005952380952380952,0.01455026455026455,0.007936507936507936,188.0,36.95429229736328,9.794718742370605,94.44444444444444,5.555555555555555,0.0,0.0,0.0,0.0,0.0,0.0,0.0,0.0
View3,joint_difficulty,2,Base,scan75_view37_light3,full_image,boundary_and_occluded,711,82.25959014892578,0.1279887482419128,0.17580872011251758,0.23769338959212377,0.739803094233474,0.5414908579465542,0.38255977496483823,188.0,61.97373962402344,20.07021713256836,57.52461322081576,42.47538677918425,0.0,0.0,0.0,0.0,0.0,0.0,0.0,0.0
View3,joint_difficulty,2,Base,scan75_view37_light3,full_image,occluded_ge2,1673,64.85938262939453,0.13687985654512852,0.17692767483562463,0.20621637776449492,0.39748953974895396,0.31739390316796173,0.23132098027495518,188.0,48.392234802246094,13.39111328125,74.17812313209802,25.82187686790197,0.0,0.0,0.0,0.0,0.0,0.0,0.0,0.0
View3,joint_difficulty,2,Base,scan75_view37_light3,full_image,large_disp_and_occluded_ge2,973,72.9763412475586,0.0051387461459403904,0.02158273381294964,0.03494347379239465,0.009249743062692703,0.020554984583761562,0.011305241521068859,188.0,37.49421310424805,9.990966796875,92.29188078108942,7.7081192189105865,0.0,0.0,0.0,0.0,0.0,0.0,0.0,0.0
View3,joint_difficulty,2,Base+A+B+C,scan75_view37_light3,full_image,full,9871,12.66485595703125,0.6457299159153075,0.7586870631141728,0.8179515753216493,0.7819876405632661,0.8431769830817546,0.8360855029885523,188.0,62.0,14.99999713897705,70.9148009320231,29.0851990679769,0.0,53.66307987602142,4.194103940836802,12.774794853611592,10.566305338871441,8.925134231587473,0.0,14.132306757167468
View3,joint_difficulty,2,Base+A+B+C,scan75_view37_light3,full_image,boundary,988,54.65838623046875,0.18016194331983806,0.2540485829959514,0.36538461538461536,0.7864372469635628,0.6356275303643725,0.4726720647773279,188.0,62.0,14.999995231628418,59.210526315789465,40.78947368421053,0.0,17.124741990290055,0.10121457489878638,-1.315789473684209,1.8218623481781355,0.0,0.0,5.870445344129554
View3,joint_difficulty,2,Base+A+B+C,scan75_view37_light3,full_image,large_disparity,1975,22.48234748840332,0.26379746835443035,0.41215189873417724,0.529113924050633,0.004556962025316456,0.40860759493670884,0.5184810126582279,188.0,62.0,15.000001907348633,95.74683544303797,4.253164556962026,0.0,73.98490080418162,26.12658227848101,51.24050632911392,40.050632911392405,39.74683544303797,0.0,51.037974683544306
View3,joint_difficulty,2,Base+A+B+C,scan75_view37_light3,full_image,occluded_any,3265,31.82558822631836,0.3405819295558959,0.49831546707503827,0.5889739663093415,0.5038284839203675,0.631240428790199,0.6156202143950995,188.0,62.0,14.99999713897705,72.09800918836142,27.901990811638587,0.0,47.05132898331336,8.8208269525268,26.676875957120977,20.33690658499234,21.286370597243486,0.0,26.64624808575804
View3,joint_difficulty,2,Base+A+B+C,scan75_view37_light3,full_image,occluded_majority,1897,44.33833694458008,0.2577754348972061,0.3890353189246178,0.5102793885081708,0.45598313125988404,0.5798629414865577,0.5561412756984713,188.0,62.0,14.99999713897705,71.79757511860832,28.202424881391668,0.0,38.41280285639256,12.65155508697944,33.26304691618345,21.982076963626778,26.77912493410648,0.0,31.418028465998947
View3,joint_difficulty,2,Base+A+B+C,scan75_view37_light3,full_image,large_disp_and_occluded,1512,22.184965133666992,0.27380952380952384,0.4212962962962963,0.5548941798941799,0.005952380952380952,0.44576719576719576,0.5562169312169312,188.0,62.0,15.0,94.44444444444444,5.555555555555555,0.0,73.15928030857211,27.05026455026455,54.82804232804233,40.60846560846561,43.12169312169312,0.0,53.042328042328045
View3,joint_difficulty,2,Base+A+B+C,scan75_view37_light3,full_image,boundary_and_occluded,711,70.65492248535156,0.11251758087201125,0.1659634317862166,0.2630098452883263,0.739803094233474,0.5358649789029536,0.35724331926863573,188.0,62.0,14.999994277954102,57.52461322081576,42.47538677918425,0.0,14.10737355068838,-1.5471167369901562,-2.53164556962025,-0.9845288326300994,-0.5625879043600568,0.0,2.5316455696202556
View3,joint_difficulty,2,Base+A+B+C,scan75_view37_light3,full_image,occluded_ge2,1673,34.62036895751953,0.28272564255827853,0.4273759713090257,0.5576808129109384,0.39748953974895396,0.6216377764494919,0.6054991034070532,188.0,62.0,14.999996185302734,74.17812313209802,25.82187686790197,0.0,46.62241983501483,14.584578601315002,37.417812313209794,25.044829647340105,30.424387328153017,0.0,35.146443514644346
View3,joint_difficulty,2,Base+A+B+C,scan75_view37_light3,full_image,large_disp_and_occluded_ge2,973,20.669992446899414,0.2774922918807811,0.4460431654676259,0.6279547790339157,0.009249743062692703,0.5447070914696814,0.6536485097636177,188.0,62.0,14.999998092651367,92.29188078108942,7.7081192189105865,0.0,71.67576218053968,27.235354573484074,64.23432682425488,42.44604316546763,52.41521068859198,0.0,59.301130524152114
